document,label,title,url,domain,source_class
06-registration-range.md,1,https://www.nats.org/_Library/Science_Informed_Voice_Pedagogy_Resource/Terminology_and_Definitions_for_Science-Informed_Voice_Pedagogy.pdf,https://www.nats.org/_Library/Science_Informed_Voice_Pedagogy_Resource/Terminology_and_Definitions_for_Science-Informed_Voice_Pedagogy.pdf,www.nats.org,professional_or_educational_institution
06-registration-range.md,2,https://www.nats.org/_Library/JOS_On_Point/JOS-077-02-2020-175.pdf,https://www.nats.org/_Library/JOS_On_Point/JOS-077-02-2020-175.pdf,www.nats.org,professional_or_educational_institution
06-registration-range.md,3,https://online.berklee.edu/certificates/voice-advanced-professional,https://online.berklee.edu/certificates/voice-advanced-professional,online.berklee.edu,professional_or_educational_institution
06-registration-range.md,4,https://pubmed.ncbi.nlm.nih.gov/38749007/,https://pubmed.ncbi.nlm.nih.gov/38749007/,pubmed.ncbi.nlm.nih.gov,official_or_government
06-registration-range.md,5,https://www.asha.org/practice-portal/clinical-topics/voice-disorders/?srsltid=AfmBOor3rPwDftoEvpZCzmPj_4USj436c3fXQ8o_idy46fTVYPEiUXUM,https://www.asha.org/practice-portal/clinical-topics/voice-disorders/?srsltid=AfmBOor3rPwDftoEvpZCzmPj_4USj436c3fXQ8o_idy46fTVYPEiUXUM,www.asha.org,professional_or_educational_institution
06-registration-range.md,6,https://pubmed.ncbi.nlm.nih.gov/18538982/,https://pubmed.ncbi.nlm.nih.gov/18538982/,pubmed.ncbi.nlm.nih.gov,official_or_government
06-registration-range.md,7,https://www.nats.org/_Library/Science_Informed_Voice_Pedagogy_Resource/Day_by_Day_1_semester_Course_Plan_Multiple_Suggested_Resources_by_Topic.pdf,https://www.nats.org/_Library/Science_Informed_Voice_Pedagogy_Resource/Day_by_Day_1_semester_Course_Plan_Multiple_Suggested_Resources_by_Topic.pdf,www.nats.org,professional_or_educational_institution
06-registration-range.md,8,https://www.asha.org/practice-portal/clinical-topics/voice-disorders/?srsltid=AfmBOophnmBauA7k68gaWOljGf66DCQ2xc123_OeDrtmyEXhkQz3V-Y8,https://www.asha.org/practice-portal/clinical-topics/voice-disorders/?srsltid=AfmBOophnmBauA7k68gaWOljGf66DCQ2xc123_OeDrtmyEXhkQz3V-Y8,www.asha.org,professional_or_educational_institution
06-registration-range.md,9,https://pubmed.ncbi.nlm.nih.gov/32078404/,https://pubmed.ncbi.nlm.nih.gov/32078404/,pubmed.ncbi.nlm.nih.gov,official_or_government
06-registration-range.md,10,https://www.nidcd.nih.gov/health/taking-care-your-voice,https://www.nidcd.nih.gov/health/taking-care-your-voice,www.nidcd.nih.gov,official_or_government
06-registration-range.md,11,https://webspace.eecs.qmul.ac.uk/s.e.dixon/pub/2014/MauchDixon-PYIN-ICASSP2014.pdf,https://webspace.eecs.qmul.ac.uk/s.e.dixon/pub/2014/MauchDixon-PYIN-ICASSP2014.pdf,webspace.eecs.qmul.ac.uk,other_web_source
06-registration-range.md,12,https://www.nats.org/_Library/JOS_On_Point/JOS-080-5-2024-543.pdf,https://www.nats.org/_Library/JOS_On_Point/JOS-080-5-2024-543.pdf,www.nats.org,professional_or_educational_institution
06-registration-range.md,13,https://pubs.asha.org/doi/10.1044/2020_AJSLP-20-00023,https://pubs.asha.org/doi/10.1044/2020_AJSLP-20-00023,pubs.asha.org,professional_or_educational_institution
06-registration-range.md,14,https://online.berklee.edu/courses/voice-technique-101,https://online.berklee.edu/courses/voice-technique-101,online.berklee.edu,professional_or_educational_institution
06-registration-range.md,15,https://pubmed.ncbi.nlm.nih.gov/21596521/,https://pubmed.ncbi.nlm.nih.gov/21596521/,pubmed.ncbi.nlm.nih.gov,official_or_government
06-registration-range.md,16,https://voicefoundation.org/health-science/voice-disorders/voice-disorders/laryngitis/symptoms-of-laryngitis/,https://voicefoundation.org/health-science/voice-disorders/voice-disorders/laryngitis/symptoms-of-laryngitis/,voicefoundation.org,professional_or_educational_institution
06-registration-range.md,17,https://www.entnet.org/resource/aao-hnsf-updated-cpg-hoarseness-press-release-fact-sheet/,https://www.entnet.org/resource/aao-hnsf-updated-cpg-hoarseness-press-release-fact-sheet/,www.entnet.org,other_web_source
06-registration-range.md,18,https://www.nats.org/_Library/JOS_On_Point/JOS-078-01-2021-11.pdf,https://www.nats.org/_Library/JOS_On_Point/JOS-078-01-2021-11.pdf,www.nats.org,professional_or_educational_institution
06-registration-range.md,19,https://catalog.lib.kyushu-u.ac.jp/opac_download_md/4772304/med3508.pdf,https://catalog.lib.kyushu-u.ac.jp/opac_download_md/4772304/med3508.pdf,catalog.lib.kyushu-u.ac.jp,other_web_source
06-registration-range.md,20,https://pubmed.ncbi.nlm.nih.gov/24856144/,https://pubmed.ncbi.nlm.nih.gov/24856144/,pubmed.ncbi.nlm.nih.gov,official_or_government
06-registration-range.md,21,https://europepmc.org/article/pmc/pmc10972624,https://europepmc.org/article/pmc/pmc10972624,europepmc.org,other_web_source
06-registration-range.md,22,https://pubmed.ncbi.nlm.nih.gov/23583205/,https://pubmed.ncbi.nlm.nih.gov/23583205/,pubmed.ncbi.nlm.nih.gov,official_or_government
06-registration-range.md,23,https://www.nidcd.nih.gov/health/hoarseness,https://www.nidcd.nih.gov/health/hoarseness,www.nidcd.nih.gov,official_or_government
06-registration-range.md,24,https://voicefoundation.org/health-science/voice-disorders/voice-disorders/vocal-fold-scarring/symptoms-of-vocal-scarring/,https://voicefoundation.org/health-science/voice-disorders/voice-disorders/vocal-fold-scarring/symptoms-of-vocal-scarring/,voicefoundation.org,professional_or_educational_institution
06-registration-range.md,25,https://pmc.ncbi.nlm.nih.gov/articles/PMC6529301/,https://pmc.ncbi.nlm.nih.gov/articles/PMC6529301/,pmc.ncbi.nlm.nih.gov,official_or_government
06-registration-range.md,26,https://arxiv.org/abs/1802.06182,https://arxiv.org/abs/1802.06182,arxiv.org,other_web_source
06-registration-range.md,27,https://cmp.ischool.illinois.edu/beaucham/papers/JASA.04.94.pdf,https://cmp.ischool.illinois.edu/beaucham/papers/JASA.04.94.pdf,cmp.ischool.illinois.edu,professional_or_educational_institution
06-registration-range.md,28,https://online.berklee.edu/courses/popular-singing-styles-developing-your-sound,https://online.berklee.edu/courses/popular-singing-styles-developing-your-sound,online.berklee.edu,professional_or_educational_institution
06-registration-range.md,29,https://steinhardt.nyu.edu/degree/mm-classical-voice-advanced-certificate-vocal-pedagogy/curriculum,https://steinhardt.nyu.edu/degree/mm-classical-voice-advanced-certificate-vocal-pedagogy/curriculum,steinhardt.nyu.edu,professional_or_educational_institution
06-registration-range.md,30,https://www.su.edu/conservatory/areas-of-study/pedagogy-voice/,https://www.su.edu/conservatory/areas-of-study/pedagogy-voice/,www.su.edu,professional_or_educational_institution
06-registration-range.md,31,https://bostonconservatory.berklee.edu/vocal-pedagogy/mm-vocal-pedagogy,https://bostonconservatory.berklee.edu/vocal-pedagogy/mm-vocal-pedagogy,bostonconservatory.berklee.edu,professional_or_educational_institution
07-korean-diction.md,1,"Journal of Singing Volume 81, Number 4",https://www.nats.org/_Library/JOS_On_Point/JOS-081-4-2025-419.pdf,www.nats.org,professional_or_educational_institution
07-korean-diction.md,2,Voice Anatomy & Physiology - THE VOICE FOUNDATION,https://voicefoundation.org/health-science/voice-disorders/anatomy-physiology-of-voice-production/,voicefoundation.org,professional_or_educational_institution
07-korean-diction.md,3,국립국어원,https://www.korean.go.kr/front/onlineQna/onlineQnaView.do?mn_id=216&pageIndex=1&qna_seq=313220&searchCondition=&searchKeyword=,www.korean.go.kr,official_or_government
07-korean-diction.md,4,Phoneme Recognition in Korean Singing Voices Using ...,https://www.mdpi.com/2076-3417/14/18/8532,www.mdpi.com,peer_reviewed_or_publisher
07-korean-diction.md,5,Speech Sound Disorders: Articulation and Phonology,https://www.asha.org/practice-portal/clinical-topics/articulation-and-phonology/?srsltid=AfmBOor7c3vLZ38iXa0SaMgsWTieN99wQ8I3N-uwAv66yuhYfU6q9o4o,www.asha.org,professional_or_educational_institution
07-korean-diction.md,6,Taking Care of Your Voice | NIDCD,https://www.nidcd.nih.gov/health/taking-care-your-voice,www.nidcd.nih.gov,official_or_government
07-korean-diction.md,7,Frontiers | Making myself understood: perceived factors affecting the intelligibility of sung text,https://www.frontiersin.org/journals/psychology/articles/10.3389/fpsyg.2014.00809/full,www.frontiersin.org,peer_reviewed_or_publisher
07-korean-diction.md,8,The Role of Voiced Consonant Duration in Sung Vowel- ...,https://www.isca-archive.org/interspeech_2025/vurma25_interspeech.pdf,www.isca-archive.org,other_web_source
07-korean-diction.md,9,"
\",https://scholarship.claremont.edu/cgu_etd/689/,scholarship.claremont.edu,professional_or_educational_institution
07-korean-diction.md,10,American Diction for Singers,https://college.berklee.edu/courses/psvc-131,college.berklee.edu,professional_or_educational_institution
07-korean-diction.md,11,Phoneme Level Lyrics Alignment and Text-Informed Singing ...,https://telecom-paris.hal.science/hal-03255334/file/2021_Phoneme_level_lyrics_alignment_and_text-informed_singing_voice_separation.pdf,telecom-paris.hal.science,other_web_source
07-korean-diction.md,12,Introduction to Classical Art Song and Lyric Diction,https://college.berklee.edu/courses/psvc-320,college.berklee.edu,professional_or_educational_institution
07-korean-diction.md,13,An Investigation of Contemporary Commercial Music (CCM ...,https://www.nats.org/_Library/JOS_On_Point/JOS-076-3-2020-273_-_Bartlett-Naismith_-_An_Investigatin_of_CCM.pdf,www.nats.org,professional_or_educational_institution
07-korean-diction.md,14,국립국어원,https://www.korean.go.kr/front/page/pageView.do?mn_id=95&page_id=P000102,www.korean.go.kr,official_or_government
07-korean-diction.md,15,Automatic Pronunciation Evaluation of Singing,https://www.isca-archive.org/interspeech_2018/gupta18_interspeech.pdf,www.isca-archive.org,other_web_source
07-korean-diction.md,16,"
        Vowel Intelligibility in Classical Singing
      \-  Bowling Green State University Portal",https://profiles.bgsu.edu/en/publications/vowel-intelligibility-in-classical-singing/,profiles.bgsu.edu,professional_or_educational_institution
07-korean-diction.md,17,Automatic Evaluation of Song Intelligibility Using Singing ...,https://dl.acm.org/doi/abs/10.1109/TASLP.2019.2955253,dl.acm.org,other_web_source
07-korean-diction.md,18,3 Terminology and Definitions FINAL.docx,https://www.nats.org/_Library/Science_Informed_Voice_Pedagogy_Resource/Terminology_and_Definitions_for_Science-Informed_Voice_Pedagogy.pdf,www.nats.org,professional_or_educational_institution
07-korean-diction.md,19,Voice Disorders,https://www.asha.org/practice-portal/clinical-topics/voice-disorders/?srsltid=AfmBOoosMFzCfBqgofanDwXfsS6D6Dpp5Y8CyWlR4WG-WMIt3UCEoXF_,www.asha.org,professional_or_educational_institution
07-korean-diction.md,20,EMR000050,https://kb.osu.edu/bitstreams/46189ec4-63a2-5d0b-98e9-1567f503ca84/download,kb.osu.edu,professional_or_educational_institution
07-korean-diction.md,21,DBPIA-NURIMEDIA,https://s-space.snu.ac.kr/bitstream/10371/86108/1/3.%202241039.pdf,s-space.snu.ac.kr,professional_or_educational_institution
07-korean-diction.md,22,A study of Korean diction for choral conductors using the principles of the Korean writing system,https://ir.ua.edu/items/c168c8fb-8c2e-4aaa-97a6-7581af578c55,ir.ua.edu,professional_or_educational_institution
07-korean-diction.md,23,Korean Diction for Non-Korean-Speaking Singers: A Study for Singing Korean Art Songs - UNT Digital Library,https://digital.library.unt.edu/ark%3A/67531/metadc1833493/,digital.library.unt.edu,professional_or_educational_institution
07-korean-diction.md,24,"Curriculum | BM, Vocal Performance: Classical Voice",https://steinhardt.nyu.edu/degree/bm-vocal-performance-classical-voice/curriculum,steinhardt.nyu.edu,professional_or_educational_institution
07-korean-diction.md,25,Vocal Arts - Master of Music,https://www.juilliard.edu/music/vocal-arts/vocal-arts-master-music,www.juilliard.edu,professional_or_educational_institution
07-korean-diction.md,26,VC - Voice - New England Conservatory of Music,https://necmusic.smartcatalogiq.com/en/2024-2025/nec-academic-catalog-2024-2025/courses/vc-voice,necmusic.smartcatalogiq.com,other_web_source
07-korean-diction.md,27,Vocal Studies,https://www.ram.ac.uk/study/departments/vocal-studies,www.ram.ac.uk,other_web_source
07-korean-diction.md,28,Automatic Recognition of Lyrics in Singing - Springer Nature,https://link.springer.com/article/10.1155/2010/546047,link.springer.com,peer_reviewed_or_publisher
08-repertoire-application.md,1,Learning lyrics: To sing or not to sing? | Memory & Cognition | Springer Nature Link,https://link.springer.com/article/10.3758/BF03193445,link.springer.com,peer_reviewed_or_publisher
08-repertoire-application.md,2,"Approaches to Children's Song Acquisition: Immersion and Phrase-by-Phrase - Rita Klinger, Patricia Shehan Campbell, Thomas Goolsby, 1998 ",https://journals.sagepub.com/doi/10.2307/3345757,journals.sagepub.com,peer_reviewed_or_publisher
08-repertoire-application.md,3,Journal of Singing Featured Articles | National Association of Teachers of Singing,https://www.nats.org/featured-article.html,www.nats.org,professional_or_educational_institution
08-repertoire-application.md,4,"Journal of Singing Volume 81, Number 5",https://www.nats.org/_Library/JOS_On_Point/JOS-081-5-2025-533.pdf,www.nats.org,professional_or_educational_institution
08-repertoire-application.md,5,Frontiers | Deliberate Practice and Proposed Limits on the Effects of Practice on the Acquisition of Expert Performance: Why the Original Definition Matters and Recommendations for Future Research,https://www.frontiersin.org/journals/psychology/articles/10.3389/fpsyg.2019.02396/full,www.frontiersin.org,peer_reviewed_or_publisher
08-repertoire-application.md,6,Transfer of Knowledge to New Contexts | Poorvu Center for Teaching and Learning,https://poorvucenter.yale.edu/transfer-of-knowledge-to-new-contexts,poorvucenter.yale.edu,professional_or_educational_institution
08-repertoire-application.md,7,Frontiers | The effect of contextual interference on transfer in motor learning - a systematic review and meta-analysis,https://www.frontiersin.org/journals/psychology/articles/10.3389/fpsyg.2024.1377122/full,www.frontiersin.org,peer_reviewed_or_publisher
08-repertoire-application.md,8,Vocal Measures Before and After Osteopathic Manipulations,https://www.nats.org/_Library/Las_Vegas_2018_presentations_handouts/Schloneger_NATS_18_Presentation.pdf,www.nats.org,professional_or_educational_institution
08-repertoire-application.md,9,"Journal of Singing Volume 81, Number 3",https://www.nats.org/_Library/JOS_On_Point/JOS-081-5-2025-511.pdf,www.nats.org,professional_or_educational_institution
08-repertoire-application.md,10,"
        Singing and Accompaniment Support the Processing of Song Lyrics and Change the Lyrics' Meaning
      \-  Utrecht University",https://research-portal.uu.nl/en/publications/singing-and-accompaniment-support-the-processing-of-song-lyrics-a/,research-portal.uu.nl,other_web_source
08-repertoire-application.md,11,"Vocal Modeling: A Review of Literature - Sandy P. Hinkley, 2024 ",https://journals.sagepub.com/doi/abs/10.1177/87551233221146285,journals.sagepub.com,peer_reviewed_or_publisher
08-repertoire-application.md,12,"The effect of audio recording and playback on self-assessment among middle school instrumental music students - Jason M. Silveira, Russell Gavin, 2016 ",https://journals.sagepub.com/doi/abs/10.1177/0305735615596375,journals.sagepub.com,peer_reviewed_or_publisher
08-repertoire-application.md,13,Taking Care of Your Voice | NIDCD,https://www.nidcd.nih.gov/health/taking-care-your-voice,www.nidcd.nih.gov,official_or_government
08-repertoire-application.md,14,Private Instruction - Voice: All Levels | Berklee College of Music,https://college.berklee.edu/courses/pivc-xxx,college.berklee.edu,professional_or_educational_institution
08-repertoire-application.md,15,What is Copyright? | U.S. Copyright Office,https://www.copyright.gov/what-is-copyright/,www.copyright.gov,official_or_government
08-repertoire-application.md,16,Circular 56A Copyright Registration of Musical Compositions and Sound Recordings,https://www.copyright.gov/circs/circ56a.pdf,www.copyright.gov,official_or_government
08-repertoire-application.md,17,Fair Use (FAQ) | U.S. Copyright Office,https://www.copyright.gov/help/faq/faq-fairuse.html,www.copyright.gov,official_or_government
08-repertoire-application.md,18,Understanding Voice Production - THE VOICE FOUNDATION,https://voicefoundation.org/health-science/voice-disorders/anatomy-physiology-of-voice-production/understanding-voice-production/,voicefoundation.org,professional_or_educational_institution
08-repertoire-application.md,19,Voice Disorders,https://www.asha.org/practice-portal/clinical-topics/voice-disorders/?srsltid=AfmBOor5hn6y1JOnP0fnNvmr70V0XSPYyilwWwVnBlTJCPVersko04t1,www.asha.org,professional_or_educational_institution
08-repertoire-application.md,20,"Self-regulated learning processes of advanced musicians: A PRISMA review - Camilla dos Santos Silva, Helena Marinho, 2025 ",https://journals.sagepub.com/doi/10.1177/10298649241275614,journals.sagepub.com,peer_reviewed_or_publisher
08-repertoire-application.md,21,"
\",https://digitalcommons.usf.edu/etd/7339/,digitalcommons.usf.edu,professional_or_educational_institution
08-repertoire-application.md,22,"Effects of pedagogical approach, presence/absence of text, and developmental music aptitude on the song performance accuracy of kindergarten and first-grade students - Dialnet",https://dialnet.unirioja.es/servlet/articulo?codigo=738969,dialnet.unirioja.es,other_web_source
08-repertoire-application.md,23,Effect of Training and Level of External Auditory Feedback on ...,https://pmc.ncbi.nlm.nih.gov/articles/PMC5010534/,pmc.ncbi.nlm.nih.gov,official_or_government
08-repertoire-application.md,24,"Curriculum | MM, Vocal Performance: Classical Voice/Post-Master’s Advanced Certificate, Vocal Pedagogy | NYU Steinhardt",https://steinhardt.nyu.edu/degree/mm-classical-voice-advanced-certificate-vocal-pedagogy/curriculum,steinhardt.nyu.edu,professional_or_educational_institution
08-repertoire-application.md,25,Master of Music in Vocal Pedagogy | Boston Conservatory at Berklee,https://bostonconservatory.berklee.edu/vocal-pedagogy/mm-vocal-pedagogy,bostonconservatory.berklee.edu,professional_or_educational_institution
09-advanced-gayo-background.md,1,"Journal of Singing Volume 82, Number 3",https://www.nats.org/_Library/JOS_On_Point/JOS-082-3-2026-357.pdf,www.nats.org,professional_or_educational_institution
09-advanced-gayo-background.md,2,Voice Disorders,https://www.asha.org/practice-portal/clinical-topics/voice-disorders/?srsltid=AfmBOoqtwzr_OyHnpBeF0NGarfMHUgpbhRAa-wdvWxhqYGrL-wwhc8Sx,www.asha.org,professional_or_educational_institution
09-advanced-gayo-background.md,3,발라드 전성시대: 한국 대중음악의 변신,https://www.kci.go.kr/kciportal/ci/sereArticleSearch/ciSereArtiView.kci?sereArticleSearchBean.artiId=ART002188895,www.kci.go.kr,other_web_source
09-advanced-gayo-background.md,4,What's behind the ‘K’? Common audio features of Korean popular music before and after the rise of K-POP | Popular Music | Cambridge Core,https://www.cambridge.org/core/journals/popular-music/article/whats-behind-the-k-common-audio-features-of-korean-popular-music-before-and-after-the-rise-of-kpop/E0A20BDA5FD01DD9FB6F65BC7A6EE172,www.cambridge.org,peer_reviewed_or_publisher
09-advanced-gayo-background.md,5,Live Vocal Extraction from K-pop Performances,https://arxiv.org/html/2508.20273,arxiv.org,other_web_source
09-advanced-gayo-background.md,6,Studying Voice at Berklee,https://college.berklee.edu/voice/studying-voice-berklee,college.berklee.edu,professional_or_educational_institution
09-advanced-gayo-background.md,7,노래 가사 감정 분석법이 보컬 표현력 향상에 미치는 효과 - ‘감정의 바퀴’를 활용하여 -,https://www.kci.go.kr/kciportal/ci/sereArticleSearch/ciSereArtiView.kci?sereArticleSearchBean.artiId=ART002900522,www.kci.go.kr,other_web_source
09-advanced-gayo-background.md,8,Hook Songs and Popular Music in Korea,https://journal.kci.go.kr/djnar/archive/articleView?artiId=ART001670107,journal.kci.go.kr,other_web_source
09-advanced-gayo-background.md,9,facilitating agency in the vocal recording of - ResearchSPAce,https://researchspace.bathspa.ac.uk/16514/1/16514.pdf,researchspace.bathspa.ac.uk,other_web_source
09-advanced-gayo-background.md,10,Vocal Recording Techniques for the Modern Digital Studio,https://scholarship.miami.edu/esploro/outputs/doctoral/Vocal-Recording-Techniques-for-the-Modern/991031447873002976,scholarship.miami.edu,professional_or_educational_institution
09-advanced-gayo-background.md,11,Comparing Contemporary Commercial and Classical Styles,https://pubmed.ncbi.nlm.nih.gov/31708368/,pubmed.ncbi.nlm.nih.gov,official_or_government
09-advanced-gayo-background.md,12,Berklee K-Pop Ensemble,https://college.berklee.edu/courses/engb-230,college.berklee.edu,professional_or_educational_institution
09-advanced-gayo-background.md,13,Commercial Vocal Production Course - Berklee Online,https://online.berklee.edu/courses/commercial-vocal-production,online.berklee.edu,professional_or_educational_institution
09-advanced-gayo-background.md,14,Taking Care of Your Voice | NIDCD,https://www.nidcd.nih.gov/health/taking-care-your-voice,www.nidcd.nih.gov,official_or_government
09-advanced-gayo-background.md,15,The Vocal Hygiene Treatment Programs for Singers,https://pubmed.ncbi.nlm.nih.gov/38052688/,pubmed.ncbi.nlm.nih.gov,official_or_government
09-advanced-gayo-background.md,16,Acoustic Characteristics of Vocal Sounds,https://voicefoundation.org/virtual-voice/15504-2/,voicefoundation.org,professional_or_educational_institution
09-advanced-gayo-background.md,17,In Support of Contemporary Commercial Music (Nonclassical) Voice Pedagogy – American Academy of Teachers of Singing,https://www.americanacademyofteachersofsinging.org/vocal-pedagogy/in-support-of-contemporary-commercial-music-nonclassical-voice-pedagogy/,www.americanacademyofteachersofsinging.org,other_web_source
09-advanced-gayo-background.md,18,Prevalence of Voice Disorders in Singers,https://pubmed.ncbi.nlm.nih.gov/28342677/,pubmed.ncbi.nlm.nih.gov,official_or_government
09-advanced-gayo-background.md,19,ANALYSIS AND DETECTION OF SINGING TECHNIQUES ...,https://archives.ismir.net/ismir2022/paper/000046.pdf,archives.ismir.net,other_web_source
09-advanced-gayo-background.md,20,GTSinger: A Global Multi-Technique Singing Corpus with ...,https://proceedings.neurips.cc/paper_files/paper/2024/file/023d2c1a17cf35b11a0cbb43a0677c91-Paper-Datasets_and_Benchmarks_Track.pdf,proceedings.neurips.cc,other_web_source
09-advanced-gayo-background.md,21,한국의 발라드 - 한국민족문화대백과사전,https://encykorea.aks.ac.kr/Article/E0072198,encykorea.aks.ac.kr,professional_or_educational_institution
09-advanced-gayo-background.md,22,"Curriculum | BM, Vocal Performance: Contemporary Voice",https://steinhardt.nyu.edu/degree/bm-vocal-performance-contemporary-voice/curriculum,steinhardt.nyu.edu,professional_or_educational_institution
09-advanced-gayo-background.md,23,Master of Music | Contemporary Commercial Music (CCM),https://www.su.edu/conservatory/areas-of-study/pedagogy-voice/master-of-music-in-pedagogy-ccm-voice/,www.su.edu,professional_or_educational_institution
09-advanced-gayo-background.md,24,Master of Music in Vocal Pedagogy,https://bostonconservatory.berklee.edu/vocal-pedagogy/mm-vocal-pedagogy,bostonconservatory.berklee.edu,professional_or_educational_institution
09-advanced-gayo-background.md,25,The expression of emotion in the singing voice - AIP Publishing,https://pubs.aip.org/asa/jasa/article/142/4/1805/852940/The-expression-of-emotion-in-the-singing-voice,pubs.aip.org,peer_reviewed_or_publisher
09-advanced-gayo-background.md,26,Korean diction for singers - IU ScholarWorks,https://scholarworks.iu.edu/dspace/items/70e9fa16-a5fa-4c5f-98ea-169a28496cc7,scholarworks.iu.edu,professional_or_educational_institution
10-vocal-load-operating-model.md,1,Toward a Consensus Description of Vocal Effort ... - PubMed,https://pubmed.ncbi.nlm.nih.gov/32078404/,pubmed.ncbi.nlm.nih.gov,official_or_government
10-vocal-load-operating-model.md,2,Voice Disorders,https://www.asha.org/practice-portal/clinical-topics/voice-disorders/?srsltid=AfmBOoq51ixic3oCieI1cMt2GcxKW5VKqpHEnEkMFl0vZyIINxBiVRjk,www.asha.org,professional_or_educational_institution
10-vocal-load-operating-model.md,3,Taking Care of Your Voice | NIDCD,https://www.nidcd.nih.gov/health/taking-care-your-voice,www.nidcd.nih.gov,official_or_government
10-vocal-load-operating-model.md,4,Clinical Practice Guideline: Hoarseness (Dysphonia) (Update) - PubMed,https://pubmed.ncbi.nlm.nih.gov/29494321/,pubmed.ncbi.nlm.nih.gov,official_or_government
10-vocal-load-operating-model.md,5,Quantifying Vocal Fatigue Recovery,https://journals.sagepub.com/doi/10.1177/000348940911800608,journals.sagepub.com,peer_reviewed_or_publisher
10-vocal-load-operating-model.md,6,Vocal Dose Measures: Quantifying Accumulated Vibration ...,https://pmc.ncbi.nlm.nih.gov/articles/PMC3158591/,pmc.ncbi.nlm.nih.gov,official_or_government
10-vocal-load-operating-model.md,7,"Treatment of Vocal Fold Nodules, Polyps, Cysts, Lesions - THE VOICE FOUNDATION",https://voicefoundation.org/health-science/voice-disorders/voice-disorders/vocal-fold-nodules-polyps-cysts-and-reactive-lesions/treatment-of-vocal-fold-nodules-polyps-cysts-lesions/,voicefoundation.org,professional_or_educational_institution
10-vocal-load-operating-model.md,8,Symptoms of Vocal Scarring - THE VOICE FOUNDATION,https://voicefoundation.org/health-science/voice-disorders/voice-disorders/vocal-fold-scarring/symptoms-of-vocal-scarring/,voicefoundation.org,professional_or_educational_institution
10-vocal-load-operating-model.md,9,Voice Rest - Vocal Conservation as a Management Strategy (Non-operative and Post-op) | Iowa Head and Neck Protocols - Carver College of Medicine | The University of Iowa,https://iowaprotocols.medicine.uiowa.edu/protocols/voice-rest-vocal-conservation-management-strategy-non-operative-and-post-op,iowaprotocols.medicine.uiowa.edu,professional_or_educational_institution
10-vocal-load-operating-model.md,10,Objective Measurement of Vocal Fatigue in Classical Singers,https://journals.sagepub.com/doi/abs/10.1016/j.otohns.2006.06.1268,journals.sagepub.com,peer_reviewed_or_publisher
10-vocal-load-operating-model.md,11,"Journal of Singing January-February 2024 (Volume 80, Number 3)",https://www.nats.org/_Library/JOS_On_Point/JOS-080-3-2024-321.pdf,www.nats.org,professional_or_educational_institution
10-vocal-load-operating-model.md,12,Effectiveness of Semi-Occluded Vocal Tract Exercises ...,https://pubmed.ncbi.nlm.nih.gov/34284924/,pubmed.ncbi.nlm.nih.gov,official_or_government
10-vocal-load-operating-model.md,13,Prevalence of Vocal Fold Pathologies Among First-Year ...,https://pubmed.ncbi.nlm.nih.gov/31647126/,pubmed.ncbi.nlm.nih.gov,official_or_government
10-vocal-load-operating-model.md,14,Musician Health & Safety | Music,https://www.furman.edu/academics/music/current-students/musician-health-safety/,www.furman.edu,professional_or_educational_institution
10-vocal-load-operating-model.md,15,The Contemporary Singer (2nd Edition) - Berklee Online,https://online.berklee.edu/store/product?product_id=17638105&usca_p=t,online.berklee.edu,professional_or_educational_institution
10-vocal-load-operating-model.md,16,Thresholds of Phonation for Performers via Dosimetry,https://ncvs.org/strategies-for-safety-thresholds-of-phonation-for-performers-via-dosimetry/,ncvs.org,other_web_source
10-vocal-load-operating-model.md,17,"Toward a consensus description of vocal effort, vocal load ...",https://portal.research.lu.se/en/publications/toward-a-consensus-description-of-vocal-effort-vocal-load-vocal-l,portal.research.lu.se,other_web_source
10-vocal-load-operating-model.md,18,"What Is Hoarseness? — Causes, Diagnosis & Disorders | NIDCD",https://www.nidcd.nih.gov/health/hoarseness,www.nidcd.nih.gov,official_or_government
10-vocal-load-operating-model.md,19,62 Possible Lessons on Recovering Your Voice - THE VOICE FOUNDATION,https://voicefoundation.org/health-science/voice-disorders/introduction/62-possible-lessons-on-recovering-your-voice/,voicefoundation.org,professional_or_educational_institution
10-vocal-load-operating-model.md,20,Vocal Fold Scarring - THE VOICE FOUNDATION,https://voicefoundation.org/health-science/voice-disorders/voice-disorders/vocal-fold-scarring/,voicefoundation.org,professional_or_educational_institution
10-vocal-load-operating-model.md,21,Conventional (Voice) Wisdom - THE VOICE FOUNDATION,https://voicefoundation.org/articles/conventional-voice-wisdom/,voicefoundation.org,professional_or_educational_institution
10-vocal-load-operating-model.md,22,Close to Curtain Time: Management of the Injured Singer in the Acute Setting (In-Office and Backstage Evaluation) | Current Otorhinolaryngology Reports | Springer Nature Link,https://link.springer.com/article/10.1007/s40136-023-00470-5,link.springer.com,peer_reviewed_or_publisher
10-vocal-load-operating-model.md,23,Absolute or relative voice rest after phonosurgery : a blind randomized prospective clinical trial | Lund University,https://www.lunduniversity.lu.se/lup/publication/11293893-0570-4035-966f-c8a0c9793805,www.lunduniversity.lu.se,other_web_source
10-vocal-load-operating-model.md,24,A Randomized Controlled Trial of Two Semi-Occluded Vocal ...,https://pmc.ncbi.nlm.nih.gov/articles/PMC4610291/,pmc.ncbi.nlm.nih.gov,official_or_government
10-vocal-load-operating-model.md,25,Using Ambulatory Voice Monitoring to Investigate Common ...,https://pmc.ncbi.nlm.nih.gov/articles/PMC4607864/,pmc.ncbi.nlm.nih.gov,official_or_government
10-vocal-load-operating-model.md,26,Detecting Vocal Fatigue with Neural Embeddings,https://pubmed.ncbi.nlm.nih.gov/36774263/,pubmed.ncbi.nlm.nih.gov,official_or_government
11-advanced-gayo-kpop-lab.md,1,3 Terminology and Definitions FINAL.docx,https://www.nats.org/_Library/Science_Informed_Voice_Pedagogy_Resource/Terminology_and_Definitions_for_Science-Informed_Voice_Pedagogy.pdf,www.nats.org,professional_or_educational_institution
11-advanced-gayo-kpop-lab.md,2,Hook Songs and Popular Music in Korea,https://journal.kci.go.kr/djnar/archive/articleView?artiId=ART001670107,journal.kci.go.kr,other_web_source
11-advanced-gayo-kpop-lab.md,3,Voice Disorders,https://www.asha.org/practice-portal/clinical-topics/voice-disorders/?srsltid=AfmBOooSv1B0C9uwFhzeGU5bvVa3_DBCqyfmyXoUGQB6eZ_DBy54Pqqg,www.asha.org,professional_or_educational_institution
11-advanced-gayo-kpop-lab.md,4,Singing Timbre Popularity Assessment Based on ...,https://arxiv.org/html/2512.06999v1,arxiv.org,other_web_source
11-advanced-gayo-kpop-lab.md,5,"Journal of Singing Volume 82, Number 3",https://www.nats.org/_Library/JOS_On_Point/JOS-082-3-2026-357.pdf,www.nats.org,professional_or_educational_institution
11-advanced-gayo-kpop-lab.md,6,Taking Care of Your Voice | NIDCD,https://www.nidcd.nih.gov/health/taking-care-your-voice,www.nidcd.nih.gov,official_or_government
11-advanced-gayo-kpop-lab.md,7,Conventional (Voice) Wisdom - THE VOICE FOUNDATION,https://voicefoundation.org/articles/conventional-voice-wisdom/,voicefoundation.org,professional_or_educational_institution
11-advanced-gayo-kpop-lab.md,8,A Randomized Controlled Trial of Two Semi-Occluded Vocal ...,https://pmc.ncbi.nlm.nih.gov/articles/PMC4610291/,pmc.ncbi.nlm.nih.gov,official_or_government
11-advanced-gayo-kpop-lab.md,9,Physiological and acoustic characteristics of the female ...,https://pubmed.ncbi.nlm.nih.gov/22352528/,pubmed.ncbi.nlm.nih.gov,official_or_government
11-advanced-gayo-kpop-lab.md,10,The Physical Aspects of Vocal Health - PMC - NIH,https://pmc.ncbi.nlm.nih.gov/articles/PMC8758045/,pmc.ncbi.nlm.nih.gov,official_or_government
11-advanced-gayo-kpop-lab.md,11,Comparison of Word Intelligibility in Spoken and Sung ...,https://kb.osu.edu/bitstreams/46189ec4-63a2-5d0b-98e9-1567f503ca84/download,kb.osu.edu,professional_or_educational_institution
11-advanced-gayo-kpop-lab.md,12,Normative Formant Data for Korean Vowels,https://dspace.kci.go.kr/handle/kci/2370563,dspace.kci.go.kr,other_web_source
11-advanced-gayo-kpop-lab.md,13,The expression of emotion in the singing voice: Acoustic ...,https://pubmed.ncbi.nlm.nih.gov/29092548/,pubmed.ncbi.nlm.nih.gov,official_or_government
11-advanced-gayo-kpop-lab.md,14,Analysis of English Borrowing in Korean Pop Songs,https://www.researchgate.net/publication/261654375_The_Verbal_Art_of_Borrowing_Analysis_of_English_Borrowing_in_Korean_Pop_Songs,www.researchgate.net,secondary_repository
11-advanced-gayo-kpop-lab.md,15,Vocal Production Techniques for Singers Course - Berklee Online,https://online.berklee.edu/courses/vocal-production-techniques-for-singers,online.berklee.edu,professional_or_educational_institution
11-advanced-gayo-kpop-lab.md,16,Vocal Recording: 10 Tips for a Successful Studio Session,https://online.berklee.edu/takenote/10-tips-for-a-successful-vocal-recording-session-in-a-studio/,online.berklee.edu,professional_or_educational_institution
11-advanced-gayo-kpop-lab.md,17,"BM, Vocal Performance: Contemporary Voice | NYU Steinhardt",https://steinhardt.nyu.edu/degree/bm-vocal-performance-contemporary-voice,steinhardt.nyu.edu,professional_or_educational_institution
11-advanced-gayo-kpop-lab.md,18,Master of Music | Contemporary Commercial Music (CCM),https://www.su.edu/conservatory/areas-of-study/pedagogy-voice/master-of-music-in-pedagogy-ccm-voice/,www.su.edu,professional_or_educational_institution
11-advanced-gayo-kpop-lab.md,19,Music Theater - Resources,https://www.nats.org/Music_Theater_-_Resources.html,www.nats.org,professional_or_educational_institution
11-advanced-gayo-kpop-lab.md,20,Vocal Production Course - Berklee Online,https://online.berklee.edu/courses/vocal-production,online.berklee.edu,professional_or_educational_institution
11-advanced-gayo-kpop-lab.md,21,Expression in popular music singing as embodied and ...,https://www.frontiersin.org/journals/education/articles/10.3389/feduc.2023.1092736/full,www.frontiersin.org,peer_reviewed_or_publisher
11-advanced-gayo-kpop-lab.md,22,Assessing and Quantifying Air Added to the Voice by ...,https://pubmed.ncbi.nlm.nih.gov/31628046/,pubmed.ncbi.nlm.nih.gov,official_or_government
11-advanced-gayo-kpop-lab.md,23,So You Want to Sing CCM,https://www.nats.org/So_You_Want_to_Sing_CCM.html,www.nats.org,professional_or_educational_institution
11-advanced-gayo-kpop-lab.md,24,Comparative Study of Two Semi-Occluded Vocal Tract Protocols,https://pmc.ncbi.nlm.nih.gov/articles/PMC11567055/,pmc.ncbi.nlm.nih.gov,official_or_government
11-advanced-gayo-kpop-lab.md,25,"lip trill, water-resistance therapy and straw phonation",https://repository.up.ac.za/bitstreams/9e30beab-afc2-4a31-b00a-6601d0b88129/download,repository.up.ac.za,other_web_source
11-advanced-gayo-kpop-lab.md,26,perceived factors affecting the intelligibility of sung text - PMC,https://pmc.ncbi.nlm.nih.gov/articles/PMC4155173/,pmc.ncbi.nlm.nih.gov,official_or_government
11-advanced-gayo-kpop-lab.md,27,Comparative Discourse on J-pop and K-pop:,https://accesson.kr/kj/assets/pdf/8509/ART002571434.pdf,accesson.kr,other_web_source
11-advanced-gayo-kpop-lab.md,28,Attitudes Toward the Language of K-pop Lyrics,https://journal.kci.go.kr/socioling/archive/articleView?artiId=ART003041858,journal.kci.go.kr,other_web_source
11-advanced-gayo-kpop-lab.md,29,Overview of Microphones - Berklee Online,https://online.berklee.edu/help/hardware/1960954-support-picks-microphones,online.berklee.edu,professional_or_educational_institution
11-advanced-gayo-kpop-lab.md,30,Commercial Vocal Production Course - Berklee Online,https://online.berklee.edu/courses/commercial-vocal-production,online.berklee.edu,professional_or_educational_institution
12-advanced-musical-theatre-lab.md,1,Music Theater - Resources | National Association of Teachers of Singing,https://www.nats.org/Music_Theater_-_Resources.html,www.nats.org,professional_or_educational_institution
12-advanced-musical-theatre-lab.md,2,"why so different? A study of subglottal pressure, voice ...",https://pubmed.ncbi.nlm.nih.gov/17485197/,pubmed.ncbi.nlm.nih.gov,official_or_government
12-advanced-musical-theatre-lab.md,3,Voice training and therapy with a semi-occluded vocal tract,https://pubmed.ncbi.nlm.nih.gov/16671856/,pubmed.ncbi.nlm.nih.gov,official_or_government
12-advanced-musical-theatre-lab.md,4,Voice Disorders,https://www.asha.org/practice-portal/clinical-topics/voice-disorders/?srsltid=AfmBOoo5rusrtITCVSaBMuxcun-NQ2NpTqvY7uaPZw-Gt4-NAOgK2OIm,www.asha.org,professional_or_educational_institution
12-advanced-musical-theatre-lab.md,5,Vocal Cord Nodules and Polyps,https://www.asha.org/public/speech/disorders/vocal-cord-nodules-and-polyps/?srsltid=AfmBOooOVA5g1lh9TH4NFPdkZSHiRwwbRMtrEObX-qiX5x9ZXMUwLWWa,www.asha.org,professional_or_educational_institution
12-advanced-musical-theatre-lab.md,6,Taking Care of Your Voice | NIDCD,https://www.nidcd.nih.gov/health/taking-care-your-voice,www.nidcd.nih.gov,official_or_government
12-advanced-musical-theatre-lab.md,7,Spend World Voice Day With the ASHA Journals - ASHA Journals Academy,https://academy.pubs.asha.org/2023/04/spend-world-voice-day-with-the-asha-journals/,academy.pubs.asha.org,professional_or_educational_institution
12-advanced-musical-theatre-lab.md,8,THE VOICE FOUNDATION,https://voicefoundation.org/,voicefoundation.org,professional_or_educational_institution
12-advanced-musical-theatre-lab.md,9,2025 Abstracts - THE VOICE FOUNDATION,https://voicefoundation.org/view/2025-abstracts/entry/2935/,voicefoundation.org,professional_or_educational_institution
12-advanced-musical-theatre-lab.md,10,New Studio on Broadway Curriculum,https://tisch.nyu.edu/drama/about/studios/new-studio-on-broadway/curriculum,tisch.nyu.edu,professional_or_educational_institution
12-advanced-musical-theatre-lab.md,11,"MM, Vocal Performance: Music Theatre | NYU Steinhardt",https://steinhardt.nyu.edu/degree/mm-vocal-performance-music-theatre,steinhardt.nyu.edu,professional_or_educational_institution
12-advanced-musical-theatre-lab.md,12,Minor in Musical Theater Performance | Berklee College of Music,https://college.berklee.edu/minors/musical-theater-performance,college.berklee.edu,professional_or_educational_institution
12-advanced-musical-theatre-lab.md,13,Master of Fine Arts in Musical Theater: Musical Theater Vocal Pedagogy | Boston Conservatory at Berklee,https://bostonconservatory.berklee.edu/vocal-pedagogy/master-fine-arts-musical-theater-vocal-pedagogy,bostonconservatory.berklee.edu,professional_or_educational_institution
12-advanced-musical-theatre-lab.md,14,Theater Audition Requirements | Boston Conservatory at Berklee,https://bostonconservatory.berklee.edu/admissions/theater-audition-requirements,bostonconservatory.berklee.edu,professional_or_educational_institution
12-advanced-musical-theatre-lab.md,15,Vocal Hygiene for Musical Theater Performers - NCVS - National Center for Voice and Speech,https://ncvs.org/vocal-hygiene-for-musical-theater-performers/,ncvs.org,other_web_source
12-advanced-musical-theatre-lab.md,16,Measuring the Vocal Athleticism of Broadway Stars | NYU Steinhardt,https://steinhardt.nyu.edu/news/measuring-vocal-athleticism-broadway-stars,steinhardt.nyu.edu,professional_or_educational_institution
12-advanced-musical-theatre-lab.md,17,Vocal Dose and Vocal Demands in Contemporary Musical ...,https://pubmed.ncbi.nlm.nih.gov/34620516/,pubmed.ncbi.nlm.nih.gov,official_or_government
12-advanced-musical-theatre-lab.md,18,A Randomized Controlled Trial of Two Semi-Occluded Vocal ...,https://pmc.ncbi.nlm.nih.gov/articles/PMC4610291/,pmc.ncbi.nlm.nih.gov,official_or_government
12-advanced-musical-theatre-lab.md,19,Effectiveness of Semi-Occluded Vocal Tract Exercises ...,https://www.jvoice.org/article/S0892-1997%2821%2900195-8/abstract,www.jvoice.org,other_web_source
12-advanced-musical-theatre-lab.md,20,Drama Musical Theatre Artistic Review,https://tisch.nyu.edu/drama/admissions/how-to-apply/artistic-review-guidelines/music-theatre,tisch.nyu.edu,professional_or_educational_institution
12-advanced-musical-theatre-lab.md,21,"How to Audition | BM, Vocal Performance: Music Theatre | NYU Steinhardt",https://steinhardt.nyu.edu/degree/bm-vocal-performance-music-theatre/how-audition,steinhardt.nyu.edu,professional_or_educational_institution
13-advanced-classical-lab.md,1,President's Message,https://www.nats.org/_Library/JOS_On_Point/JOS-078-01-2021-11.pdf,www.nats.org,professional_or_educational_institution
13-advanced-classical-lab.md,2,https://www.nats.org/_Library/Science_Informed_Voice_Pedagogy_Resource/Terminology_and_Definitions_for_Science-Informed_Voice_Pedagogy.pdf,https://www.nats.org/_Library/Science_Informed_Voice_Pedagogy_Resource/Terminology_and_Definitions_for_Science-Informed_Voice_Pedagogy.pdf,www.nats.org,professional_or_educational_institution
13-advanced-classical-lab.md,3,Microsoft Word - Diction Syllabus,https://rpublic.rollins.edu/sites/Syllabi/CourseSyllabi/MUS223H1X-201001.pdf,rpublic.rollins.edu,professional_or_educational_institution
13-advanced-classical-lab.md,4,https://journals.plos.org/plosone/article?id=10.1371%2Fjournal.pone.0175865,https://journals.plos.org/plosone/article?id=10.1371%2Fjournal.pone.0175865,journals.plos.org,peer_reviewed_or_publisher
13-advanced-classical-lab.md,5,https://rcmusic-kentico-cdn.s3.amazonaws.com/rcm/media/main/documents/examinations/syllabi/rcm-voice-syllabus-2025-edition.pdf,https://rcmusic-kentico-cdn.s3.amazonaws.com/rcm/media/main/documents/examinations/syllabi/rcm-voice-syllabus-2025-edition.pdf,rcmusic-kentico-cdn.s3.amazonaws.com,professional_or_educational_institution
13-advanced-classical-lab.md,6,Frontiers | Influence of recording instrumentation on measurements of voice in sentence contexts: use of smartphones and tablets,https://www.frontiersin.org/journals/digital-health/articles/10.3389/fdgth.2025.1610772/full,www.frontiersin.org,peer_reviewed_or_publisher
13-advanced-classical-lab.md,7,https://pubmed.ncbi.nlm.nih.gov/11411472/,https://pubmed.ncbi.nlm.nih.gov/11411472/,pubmed.ncbi.nlm.nih.gov,official_or_government
13-advanced-classical-lab.md,8,https://www.americanacademyofteachersofsinging.org/wp-content/uploads/2020/09/In-Support-of-Fact-Based-Voice-Pedagogy-and-Terminology.pdf,https://www.americanacademyofteachersofsinging.org/wp-content/uploads/2020/09/In-Support-of-Fact-Based-Voice-Pedagogy-and-Terminology.pdf,www.americanacademyofteachersofsinging.org,other_web_source
13-advanced-classical-lab.md,9,https://www.nats.org/_Library/JOS_On_Point/JOS-081-4-2025-419.pdf,https://www.nats.org/_Library/JOS_On_Point/JOS-081-4-2025-419.pdf,www.nats.org,professional_or_educational_institution
13-advanced-classical-lab.md,10,Microsoft Word - Document.doc,https://etd.ohiolink.edu/acprod/odb_etd/ws/send_file/send?accession=osu1148931700&disposition=inline,etd.ohiolink.edu,professional_or_educational_institution
13-advanced-classical-lab.md,11,Courses - Division of Vocal Studies |  University of North Texas,https://music.unt.edu/voice/courses.html,music.unt.edu,professional_or_educational_institution
13-advanced-classical-lab.md,12,Italian lyrical diction (accompanists) | Conservatoire national supérieur de musique et de danse de Paris,https://www.conservatoiredeparis.fr/en/disciplined/italian-lyrical-diction-accompanists,www.conservatoiredeparis.fr,other_web_source
13-advanced-classical-lab.md,13,https://www.asha.org/practice-portal/clinical-topics/voice-disorders/?srsltid=AfmBOoq0NAFoFEPic3UweDivJRq7wUmOkUy3R52Nz7vTFLOZhL7qXHiY,https://www.asha.org/practice-portal/clinical-topics/voice-disorders/?srsltid=AfmBOoq0NAFoFEPic3UweDivJRq7wUmOkUy3R52Nz7vTFLOZhL7qXHiY,www.asha.org,professional_or_educational_institution
13-advanced-classical-lab.md,14,https://www.nidcd.nih.gov/health/taking-care-your-voice,https://www.nidcd.nih.gov/health/taking-care-your-voice,www.nidcd.nih.gov,official_or_government
13-advanced-classical-lab.md,15,https://www.asha.org/public/speech/disorders/vocal-cord-nodules-and-polyps/?srsltid=AfmBOoo-Y4rw5aLKBCdoy2USzSRs-IvrRwW83cdEOG7FDLw2Hga7lekc,https://www.asha.org/public/speech/disorders/vocal-cord-nodules-and-polyps/?srsltid=AfmBOoo-Y4rw5aLKBCdoy2USzSRs-IvrRwW83cdEOG7FDLw2Hga7lekc,www.asha.org,professional_or_educational_institution
13-advanced-classical-lab.md,16,Journal of Voice,https://voicefoundation.org/journal-of-voice/,voicefoundation.org,professional_or_educational_institution
13-advanced-classical-lab.md,17,https://www.mdpi.com/2076-3417/12/21/10781,https://www.mdpi.com/2076-3417/12/21/10781,www.mdpi.com,peer_reviewed_or_publisher
13-advanced-classical-lab.md,18,https://pubmed.ncbi.nlm.nih.gov/27816356/,https://pubmed.ncbi.nlm.nih.gov/27816356/,pubmed.ncbi.nlm.nih.gov,official_or_government
13-advanced-classical-lab.md,19,https://journals.plos.org/plosone/article?id=10.1371%2Fjournal.pone.0325284,https://journals.plos.org/plosone/article?id=10.1371%2Fjournal.pone.0325284,journals.plos.org,peer_reviewed_or_publisher
13-advanced-classical-lab.md,20,https://www.abrsm.org/sites/default/files/2023-10/Singing%20Performance%20Grades%20Syllabus_0.pdf,https://www.abrsm.org/sites/default/files/2023-10/Singing%20Performance%20Grades%20Syllabus_0.pdf,www.abrsm.org,professional_or_educational_institution
13-advanced-classical-lab.md,21,https://lcme.uwl.ac.uk/media/wzipr0ry/classical-singing-repertoire-list.pdf,https://lcme.uwl.ac.uk/media/wzipr0ry/classical-singing-repertoire-list.pdf,lcme.uwl.ac.uk,other_web_source
13-advanced-classical-lab.md,22,https://www.nats.org/_Library/NSA_Files/Regulation_Changes_NSA_Committee_7_11_2017.pdf,https://www.nats.org/_Library/NSA_Files/Regulation_Changes_NSA_Committee_7_11_2017.pdf,www.nats.org,professional_or_educational_institution
13-advanced-classical-lab.md,23,6217_AcousticsToday_SUMMER_2.indd,https://acousticstoday.org/wp-content/uploads/2017/06/2-faber.pdf,acousticstoday.org,other_web_source
13-advanced-classical-lab.md,24,https://www.nats.org/_Library/JOS_On_Point/JOS-077-02-2020-175.pdf,https://www.nats.org/_Library/JOS_On_Point/JOS-077-02-2020-175.pdf,www.nats.org,professional_or_educational_institution
13-advanced-classical-lab.md,25,https://www.nats.org/featured-article.html,https://www.nats.org/featured-article.html,www.nats.org,professional_or_educational_institution
13-advanced-classical-lab.md,26,The Voice Foundation | NIDCD,https://www.nidcd.nih.gov/directory/voice-foundation,www.nidcd.nih.gov,official_or_government
13-advanced-classical-lab.md,27,Characterizing the Roles of Voice Professionals: A Joint ...,https://www.asha.org/siteassets/governance/pava-joint-statement-characterizing-the-roles-of-voice-professionals.pdf?srsltid=AfmBOooap88yNqM9AbOdWi-mg-9D6Dkqs2eVPoKQEgVZPpmb3E6rvmgd,www.asha.org,professional_or_educational_institution
13-advanced-classical-lab.md,28,https://rave.ohiolink.edu/etdc/view?acc_num=osu1129655696,https://rave.ohiolink.edu/etdc/view?acc_num=osu1129655696,rave.ohiolink.edu,professional_or_educational_institution
13-advanced-classical-lab.md,29,journals.ucc.ie,https://journals.ucc.ie/index.php/scenario/article/download/scenario-13-2-12/html-en?inline=1,journals.ucc.ie,other_web_source
14-advanced-rnb-soul-lab.md,1,Voice Disorders,https://www.asha.org/practice-portal/clinical-topics/voice-disorders/?srsltid=AfmBOopexd-ApStcJGm6lvxdq39yAgqJJpNqYiT-NFo9jttzIxx1J6jU,www.asha.org,professional_or_educational_institution
14-advanced-rnb-soul-lab.md,2,Shaping rhythm: timing and sound in five groove-based genres | Popular Music | Cambridge Core,https://www.cambridge.org/core/journals/popular-music/article/shaping-rhythm-timing-and-sound-in-five-groovebased-genres/BBC410F9849DB982AEBFACEA14D38F32,www.cambridge.org,peer_reviewed_or_publisher
14-advanced-rnb-soul-lab.md,3,Improvisation Techniques for Singing Pop and R&B Course,https://online.berklee.edu/courses/improvisation-techniques-for-singing-pop-and-rb,online.berklee.edu,professional_or_educational_institution
14-advanced-rnb-soul-lab.md,4,Taking Care of Your Voice | NIDCD,https://www.nidcd.nih.gov/health/taking-care-your-voice,www.nidcd.nih.gov,official_or_government
14-advanced-rnb-soul-lab.md,5,R&B Vocals Course - Berklee Online,https://online.berklee.edu/courses/r-b-vocals,online.berklee.edu,professional_or_educational_institution
14-advanced-rnb-soul-lab.md,6,Real-Time Visual Feedback in Singing Pedagogy: Current Trends and Future Directions | MDPI,https://www.mdpi.com/2076-3417/12/21/10781,www.mdpi.com,peer_reviewed_or_publisher
14-advanced-rnb-soul-lab.md,7,An Interdisciplinary Review of Music Performance Analysis | Transactions of the International Society for Music Information Retrieval,https://transactions.ismir.net/articles/10.5334/tismir.53,transactions.ismir.net,other_web_source
14-advanced-rnb-soul-lab.md,8,Johnson | Music and Lyrics Interactions and their Influence ...,https://emusicology.org/article/id/4702/,emusicology.org,other_web_source
14-advanced-rnb-soul-lab.md,9,"Journal of Singing Volume 80, Number 5",https://www.nats.org/_Library/JOS_On_Point/JOS-080-5-2024-543.pdf,www.nats.org,professional_or_educational_institution
14-advanced-rnb-soul-lab.md,10,Popular Singing Styles: Developing Your Sound Course,https://online.berklee.edu/courses/popular-singing-styles-developing-your-sound,online.berklee.edu,professional_or_educational_institution
14-advanced-rnb-soul-lab.md,11,SINGING WHEN SICK,https://voicefoundation.org/wp-content/uploads/2020/08/SUMMER-Newsletter-2020.pdf,voicefoundation.org,professional_or_educational_institution
14-advanced-rnb-soul-lab.md,12,"Journal of Singing Volume 82, Number 2",https://www.nats.org/_Library/JOS_On_Point/JOS-082-2-2025-193.pdf,www.nats.org,professional_or_educational_institution
14-advanced-rnb-soul-lab.md,13,"What Is Hoarseness? — Causes, Diagnosis & Disorders | NIDCD",https://www.nidcd.nih.gov/health/hoarseness,www.nidcd.nih.gov,official_or_government
14-advanced-rnb-soul-lab.md,14,"Toward a Consensus Description of Vocal Effort, Vocal Load ...",https://pmc.ncbi.nlm.nih.gov/articles/PMC7210446/,pmc.ncbi.nlm.nih.gov,official_or_government
14-advanced-rnb-soul-lab.md,15,The Physical Aspects of Vocal Health - PMC - NIH,https://pmc.ncbi.nlm.nih.gov/articles/PMC8758045/,pmc.ncbi.nlm.nih.gov,official_or_government
14-advanced-rnb-soul-lab.md,16,A Randomized Controlled Trial of Two Semi-Occluded Vocal ...,https://pmc.ncbi.nlm.nih.gov/articles/PMC4610291/,pmc.ncbi.nlm.nih.gov,official_or_government
14-advanced-rnb-soul-lab.md,17,Effectiveness of Semi-Occluded Vocal Tract Exercises ...,https://pubmed.ncbi.nlm.nih.gov/34284924/,pubmed.ncbi.nlm.nih.gov,official_or_government
14-advanced-rnb-soul-lab.md,18,2024 Symposium Abstracts,https://voicefoundation.org/2024-symposium-abstracts/entry/310/,voicefoundation.org,professional_or_educational_institution
14-advanced-rnb-soul-lab.md,19,The Effect of Expert Performance Microtiming on Listeners ...,https://pmc.ncbi.nlm.nih.gov/articles/PMC5050221/,pmc.ncbi.nlm.nih.gov,official_or_government
14-advanced-rnb-soul-lab.md,20,Microtiming Deviations and Swing Feel in Jazz,https://www.nature.com/articles/s41598-019-55981-3,www.nature.com,other_web_source
14-advanced-rnb-soul-lab.md,21,Voice Courses,https://college.berklee.edu/voice/voice-courses,college.berklee.edu,professional_or_educational_institution
14-advanced-rnb-soul-lab.md,22,"BM, Vocal Performance: Contemporary Voice | NYU Steinhardt",https://steinhardt.nyu.edu/degree/bm-vocal-performance-contemporary-voice,steinhardt.nyu.edu,professional_or_educational_institution
15-advanced-rock-band-lab.md,1,https://www.nats.org/_Library/JOS_On_Point/JOS-076-3-2020-273_-_Bartlett-Naismith_-_An_Investigatin_of_CCM.pdf,https://www.nats.org/_Library/JOS_On_Point/JOS-076-3-2020-273_-_Bartlett-Naismith_-_An_Investigatin_of_CCM.pdf,www.nats.org,professional_or_educational_institution
15-advanced-rock-band-lab.md,2,https://pubmed.ncbi.nlm.nih.gov/26186810/,https://pubmed.ncbi.nlm.nih.gov/26186810/,pubmed.ncbi.nlm.nih.gov,official_or_government
15-advanced-rock-band-lab.md,3,https://www.nats.org/_Library/JOS_On_Point/JOS-078-01-2021-11.pdf,https://www.nats.org/_Library/JOS_On_Point/JOS-078-01-2021-11.pdf,www.nats.org,professional_or_educational_institution
15-advanced-rock-band-lab.md,4,https://www.frontiersin.org/journals/physiology/articles/10.3389/fphys.2022.1081622/full,https://www.frontiersin.org/journals/physiology/articles/10.3389/fphys.2022.1081622/full,www.frontiersin.org,peer_reviewed_or_publisher
15-advanced-rock-band-lab.md,5,https://pubmed.ncbi.nlm.nih.gov/41046181/,https://pubmed.ncbi.nlm.nih.gov/41046181/,pubmed.ncbi.nlm.nih.gov,official_or_government
15-advanced-rock-band-lab.md,6,https://www.nats.org/_Library/Science_Informed_Voice_Pedagogy_Resource/Article_Evolution_of_the_Female_Broadway_Belt_Voice-_Implications_for_Teachers_and_Singers.pdf,https://www.nats.org/_Library/Science_Informed_Voice_Pedagogy_Resource/Article_Evolution_of_the_Female_Broadway_Belt_Voice-_Implications_for_Teachers_and_Singers.pdf,www.nats.org,professional_or_educational_institution
15-advanced-rock-band-lab.md,7,https://pmc.ncbi.nlm.nih.gov/articles/PMC4155173/,https://pmc.ncbi.nlm.nih.gov/articles/PMC4155173/,pmc.ncbi.nlm.nih.gov,official_or_government
15-advanced-rock-band-lab.md,8,https://www.isca-archive.org/interspeech_2025/vurma25_interspeech.pdf,https://www.isca-archive.org/interspeech_2025/vurma25_interspeech.pdf,www.isca-archive.org,other_web_source
15-advanced-rock-band-lab.md,9,https://www.shure.com/en-us/insights/vocal-miking-tips-2,https://www.shure.com/en-us/insights/vocal-miking-tips-2,www.shure.com,other_web_source
15-advanced-rock-band-lab.md,10,https://pubmed.ncbi.nlm.nih.gov/32078404/,https://pubmed.ncbi.nlm.nih.gov/32078404/,pubmed.ncbi.nlm.nih.gov,official_or_government
15-advanced-rock-band-lab.md,11,https://pubmed.ncbi.nlm.nih.gov/12959470/,https://pubmed.ncbi.nlm.nih.gov/12959470/,pubmed.ncbi.nlm.nih.gov,official_or_government
15-advanced-rock-band-lab.md,12,https://pubmed.ncbi.nlm.nih.gov/19663377/,https://pubmed.ncbi.nlm.nih.gov/19663377/,pubmed.ncbi.nlm.nih.gov,official_or_government
15-advanced-rock-band-lab.md,13,https://voicefoundation.org/wp-content/uploads/2014/07/2015_SummerVol20_Issue_2_Newsletter.pdf,https://voicefoundation.org/wp-content/uploads/2014/07/2015_SummerVol20_Issue_2_Newsletter.pdf,voicefoundation.org,professional_or_educational_institution
15-advanced-rock-band-lab.md,14,https://www.nidcd.nih.gov/health/taking-care-your-voice,https://www.nidcd.nih.gov/health/taking-care-your-voice,www.nidcd.nih.gov,official_or_government
15-advanced-rock-band-lab.md,15,https://bulletin.entnet.org/home/article/21247239/clinical-practice-guideline-updates-to-improve-quality-of-care-for-patients-with-dysphonia,https://bulletin.entnet.org/home/article/21247239/clinical-practice-guideline-updates-to-improve-quality-of-care-for-patients-with-dysphonia,bulletin.entnet.org,other_web_source
15-advanced-rock-band-lab.md,16,https://www.asha.org/practice-portal/clinical-topics/voice-disorders/?srsltid=AfmBOorS3-hbMOLKMUaanmbLa88Q1TdB3QIS2Q5vb0q1USJuxoa0Ibw4,https://www.asha.org/practice-portal/clinical-topics/voice-disorders/?srsltid=AfmBOorS3-hbMOLKMUaanmbLa88Q1TdB3QIS2Q5vb0q1USJuxoa0Ibw4,www.asha.org,professional_or_educational_institution
15-advanced-rock-band-lab.md,17,https://pubmed.ncbi.nlm.nih.gov/15764208/,https://pubmed.ncbi.nlm.nih.gov/15764208/,pubmed.ncbi.nlm.nih.gov,official_or_government
15-advanced-rock-band-lab.md,18,https://pubmed.ncbi.nlm.nih.gov/35667986/,https://pubmed.ncbi.nlm.nih.gov/35667986/,pubmed.ncbi.nlm.nih.gov,official_or_government
15-advanced-rock-band-lab.md,19,https://pubmed.ncbi.nlm.nih.gov/25675335/,https://pubmed.ncbi.nlm.nih.gov/25675335/,pubmed.ncbi.nlm.nih.gov,official_or_government
15-advanced-rock-band-lab.md,20,https://online.berklee.edu/courses/pop-and-rock-vocals,https://online.berklee.edu/courses/pop-and-rock-vocals,online.berklee.edu,professional_or_educational_institution
15-advanced-rock-band-lab.md,21,https://pubmed.ncbi.nlm.nih.gov/34972633/,https://pubmed.ncbi.nlm.nih.gov/34972633/,pubmed.ncbi.nlm.nih.gov,official_or_government
15-advanced-rock-band-lab.md,22,https://www.nats.org/_Library/Kennedy_JOS_Files_2013/JOS-065-1-2008-007.pdf,https://www.nats.org/_Library/Kennedy_JOS_Files_2013/JOS-065-1-2008-007.pdf,www.nats.org,professional_or_educational_institution
15-advanced-rock-band-lab.md,23,https://www.nats.org/_Library/JOS_On_Point/JOS-076-2-2019-155_-_Christianne_Roll_-_The_Female_Broadway_Belt_Voice.pdf,https://www.nats.org/_Library/JOS_On_Point/JOS-076-2-2019-155_-_Christianne_Roll_-_The_Female_Broadway_Belt_Voice.pdf,www.nats.org,professional_or_educational_institution
15-advanced-rock-band-lab.md,24,https://www.nats.org/_Library/Science_Informed_Voice_Pedagogy_Resource/1_SYLLABUS_UNIT_Teaching_CCM_L_Helding_Unit_in_Grad_Level_Course.pdf,https://www.nats.org/_Library/Science_Informed_Voice_Pedagogy_Resource/1_SYLLABUS_UNIT_Teaching_CCM_L_Helding_Unit_in_Grad_Level_Course.pdf,www.nats.org,professional_or_educational_institution
15-advanced-rock-band-lab.md,25,https://www.asha.org/practice-portal/professional-issues/telepractice/?srsltid=AfmBOorofhBlFRJoic5zoG7_uOfAiwdCLWMKUTw9WjK4C5paZhgup2he,https://www.asha.org/practice-portal/professional-issues/telepractice/?srsltid=AfmBOorofhBlFRJoic5zoG7_uOfAiwdCLWMKUTw9WjK4C5paZhgup2he,www.asha.org,professional_or_educational_institution
15-advanced-rock-band-lab.md,26,https://pubs.asha.org/doi/10.1044/2020_AJSLP-20-00104,https://pubs.asha.org/doi/10.1044/2020_AJSLP-20-00104,pubs.asha.org,professional_or_educational_institution
15-advanced-rock-band-lab.md,27,https://www.entnet.org/quality-practice/quality-products/clinical-practice-guidelines/hoarseness-dysphonia/,https://www.entnet.org/quality-practice/quality-products/clinical-practice-guidelines/hoarseness-dysphonia/,www.entnet.org,other_web_source
15-advanced-rock-band-lab.md,28,https://www.entnet.org/resource/aao37-dysphonia-laryngeal-examination-2026/,https://www.entnet.org/resource/aao37-dysphonia-laryngeal-examination-2026/,www.entnet.org,other_web_source
15-advanced-rock-band-lab.md,29,https://pubmed.ncbi.nlm.nih.gov/14686546/,https://pubmed.ncbi.nlm.nih.gov/14686546/,pubmed.ncbi.nlm.nih.gov,official_or_government
15-advanced-rock-band-lab.md,30,https://pubmed.ncbi.nlm.nih.gov/18468842/,https://pubmed.ncbi.nlm.nih.gov/18468842/,pubmed.ncbi.nlm.nih.gov,official_or_government
15-advanced-rock-band-lab.md,31,https://pubs.aip.org/asa/jasa/article/127/5/3212/782858/Vocal-fold-and-ventricular-fold-vibration-in,https://pubs.aip.org/asa/jasa/article/127/5/3212/782858/Vocal-fold-and-ventricular-fold-vibration-in,pubs.aip.org,peer_reviewed_or_publisher
15-advanced-rock-band-lab.md,32,https://pubmed.ncbi.nlm.nih.gov/40451716/,https://pubmed.ncbi.nlm.nih.gov/40451716/,pubmed.ncbi.nlm.nih.gov,official_or_government
15-advanced-rock-band-lab.md,33,https://college.berklee.edu/voice/studying-voice-berklee,https://college.berklee.edu/voice/studying-voice-berklee,college.berklee.edu,professional_or_educational_institution
15-advanced-rock-band-lab.md,34,https://www.su.edu/conservatory/areas-of-study/pedagogy-voice/master-of-music-in-pedagogy-ccm-voice/,https://www.su.edu/conservatory/areas-of-study/pedagogy-voice/master-of-music-in-pedagogy-ccm-voice/,www.su.edu,professional_or_educational_institution
15-advanced-rock-band-lab.md,35,https://www.emerald.com/jarhe/article/16/4/977/1235970/An-assessment-framework-for-contemporary,https://www.emerald.com/jarhe/article/16/4/977/1235970/An-assessment-framework-for-contemporary,www.emerald.com,other_web_source
15-advanced-rock-band-lab.md,36,https://www.shure.com/en-US/docs/education/Microphone-Techniques-for-Recording,https://www.shure.com/en-US/docs/education/Microphone-Techniques-for-Recording,www.shure.com,other_web_source
15-advanced-rock-band-lab.md,37,https://www.shure.com/en-US/docs/guide/SM58,https://www.shure.com/en-US/docs/guide/SM58,www.shure.com,other_web_source
16-advanced-ccm-worship-lab.md,1,https://www.nats.org/_Library/JOS_On_Point/JOS-076-3-2020-273_-_Bartlett-Naismith_-_An_Investigatin_of_CCM.pdf,https://www.nats.org/_Library/JOS_On_Point/JOS-076-3-2020-273_-_Bartlett-Naismith_-_An_Investigatin_of_CCM.pdf,www.nats.org,professional_or_educational_institution
16-advanced-ccm-worship-lab.md,2,https://www.nats.org/_Library/JOS_On_Point/JOS-082-3-2026-357.pdf,https://www.nats.org/_Library/JOS_On_Point/JOS-082-3-2026-357.pdf,www.nats.org,professional_or_educational_institution
16-advanced-ccm-worship-lab.md,3,https://pmc.ncbi.nlm.nih.gov/articles/PMC7210446/,https://pmc.ncbi.nlm.nih.gov/articles/PMC7210446/,pmc.ncbi.nlm.nih.gov,official_or_government
16-advanced-ccm-worship-lab.md,4,https://pubmed.ncbi.nlm.nih.gov/29092548/,https://pubmed.ncbi.nlm.nih.gov/29092548/,pubmed.ncbi.nlm.nih.gov,official_or_government
16-advanced-ccm-worship-lab.md,5,https://www.frontiersin.org/journals/psychology/articles/10.3389/fpsyg.2014.00809/full,https://www.frontiersin.org/journals/psychology/articles/10.3389/fpsyg.2014.00809/full,www.frontiersin.org,peer_reviewed_or_publisher
16-advanced-ccm-worship-lab.md,6,https://congregationalsong.org/album-review-chris-tomlin-holy-roar/,https://congregationalsong.org/album-review-chris-tomlin-holy-roar/,congregationalsong.org,other_web_source
16-advanced-ccm-worship-lab.md,7,https://online.berklee.edu/courses/vocal-production-techniques-for-singers,https://online.berklee.edu/courses/vocal-production-techniques-for-singers,online.berklee.edu,professional_or_educational_institution
16-advanced-ccm-worship-lab.md,8,https://www.nidcd.nih.gov/health/taking-care-your-voice,https://www.nidcd.nih.gov/health/taking-care-your-voice,www.nidcd.nih.gov,official_or_government
16-advanced-ccm-worship-lab.md,9,https://www.asha.org/practice-portal/clinical-topics/voice-disorders/?srsltid=AfmBOorHuQQbxUvWiT2Ns4UMyxBjPrZIYEofAyQqsLp2IBGwS7sruurY,https://www.asha.org/practice-portal/clinical-topics/voice-disorders/?srsltid=AfmBOorHuQQbxUvWiT2Ns4UMyxBjPrZIYEofAyQqsLp2IBGwS7sruurY,www.asha.org,professional_or_educational_institution
16-advanced-ccm-worship-lab.md,10,https://pubmed.ncbi.nlm.nih.gov/27539003/,https://pubmed.ncbi.nlm.nih.gov/27539003/,pubmed.ncbi.nlm.nih.gov,official_or_government
16-advanced-ccm-worship-lab.md,11,https://search.informit.org/doi/pdf/10.3316/informit.919345133850244,https://search.informit.org/doi/pdf/10.3316/informit.919345133850244,search.informit.org,other_web_source
16-advanced-ccm-worship-lab.md,12,https://link.springer.com/chapter/10.1007/978-94-017-8851-9_19,https://link.springer.com/chapter/10.1007/978-94-017-8851-9_19,link.springer.com,peer_reviewed_or_publisher
16-advanced-ccm-worship-lab.md,13,https://pubmed.ncbi.nlm.nih.gov/20840041/,https://pubmed.ncbi.nlm.nih.gov/20840041/,pubmed.ncbi.nlm.nih.gov,official_or_government
16-advanced-ccm-worship-lab.md,14,https://www.nidcd.nih.gov/news/multimedia/taking-care-your-voice-text-version,https://www.nidcd.nih.gov/news/multimedia/taking-care-your-voice-text-version,www.nidcd.nih.gov,official_or_government
16-advanced-ccm-worship-lab.md,15,https://pubmed.ncbi.nlm.nih.gov/19572269/,https://pubmed.ncbi.nlm.nih.gov/19572269/,pubmed.ncbi.nlm.nih.gov,official_or_government
16-advanced-ccm-worship-lab.md,16,https://pubmed.ncbi.nlm.nih.gov/36333216/,https://pubmed.ncbi.nlm.nih.gov/36333216/,pubmed.ncbi.nlm.nih.gov,official_or_government
16-advanced-ccm-worship-lab.md,17,https://pubmed.ncbi.nlm.nih.gov/16671856/,https://pubmed.ncbi.nlm.nih.gov/16671856/,pubmed.ncbi.nlm.nih.gov,official_or_government
16-advanced-ccm-worship-lab.md,18,https://www.nats.org/_Library/JOS_On_Point/JOS_077_5_2021_693.pdf,https://www.nats.org/_Library/JOS_On_Point/JOS_077_5_2021_693.pdf,www.nats.org,professional_or_educational_institution
16-advanced-ccm-worship-lab.md,19,https://www.isca-archive.org/interspeech_2025/vurma25_interspeech.pdf,https://www.isca-archive.org/interspeech_2025/vurma25_interspeech.pdf,www.isca-archive.org,other_web_source
16-advanced-ccm-worship-lab.md,20,https://www.nats.org/_Library/JOS_On_Point/JOS-076-3-2020-311_-_Cafaro_-_Arneson_-_Audio_Technology.pdf,https://www.nats.org/_Library/JOS_On_Point/JOS-076-3-2020-311_-_Cafaro_-_Arneson_-_Audio_Technology.pdf,www.nats.org,professional_or_educational_institution
16-advanced-ccm-worship-lab.md,21,https://www.nats.org/_Library/JOS_On_Point/JOS_077_04_2021_485.pdf,https://www.nats.org/_Library/JOS_On_Point/JOS_077_04_2021_485.pdf,www.nats.org,professional_or_educational_institution
16-advanced-ccm-worship-lab.md,22,https://www.nats.org/_Library/JOS_On_Point/JOS-074-4-2018-419_-_Exercise_Physiology_-_Sandage-Hoch.pdf,https://www.nats.org/_Library/JOS_On_Point/JOS-074-4-2018-419_-_Exercise_Physiology_-_Sandage-Hoch.pdf,www.nats.org,professional_or_educational_institution
16-advanced-ccm-worship-lab.md,23,https://online.berklee.edu/courses/popular-singing-styles-developing-your-sound,https://online.berklee.edu/courses/popular-singing-styles-developing-your-sound,online.berklee.edu,professional_or_educational_institution
16-advanced-ccm-worship-lab.md,24,https://www.reformedworship.org/resource/how-sing-when-leading-worship,https://www.reformedworship.org/resource/how-sing-when-leading-worship,www.reformedworship.org,other_web_source
16-advanced-ccm-worship-lab.md,25,https://www.su.edu/conservatory/areas-of-study/pedagogy-voice/master-of-music-in-pedagogy-ccm-voice/,https://www.su.edu/conservatory/areas-of-study/pedagogy-voice/master-of-music-in-pedagogy-ccm-voice/,www.su.edu,professional_or_educational_institution
16-advanced-ccm-worship-lab.md,26,https://www.shure.com/en-us/insights/vocal-miking-tips-2,https://www.shure.com/en-us/insights/vocal-miking-tips-2,www.shure.com,other_web_source
16-advanced-ccm-worship-lab.md,27,https://pubmed.ncbi.nlm.nih.gov/29494321/,https://pubmed.ncbi.nlm.nih.gov/29494321/,pubmed.ncbi.nlm.nih.gov,official_or_government
16-advanced-ccm-worship-lab.md,28,https://voicefoundation.org/health-science/voice-disorders/overview-of-diagnosis-treatment-prevention/voice-disorder-prevention/,https://voicefoundation.org/health-science/voice-disorders/overview-of-diagnosis-treatment-prevention/voice-disorder-prevention/,voicefoundation.org,professional_or_educational_institution
16-advanced-ccm-worship-lab.md,29,https://voicefoundation.org/health-science/voice-disorders/voice-care-team/,https://voicefoundation.org/health-science/voice-disorders/voice-care-team/,voicefoundation.org,professional_or_educational_institution
16-advanced-ccm-worship-lab.md,30,https://voicefoundation.org/health-science/voice-disorders/voice-care-team/singing-and-acting-voice-specialists/,https://voicefoundation.org/health-science/voice-disorders/voice-care-team/singing-and-acting-voice-specialists/,voicefoundation.org,professional_or_educational_institution
16-advanced-ccm-worship-lab.md,31,https://pubmed.ncbi.nlm.nih.gov/25795356/,https://pubmed.ncbi.nlm.nih.gov/25795356/,pubmed.ncbi.nlm.nih.gov,official_or_government
16-advanced-ccm-worship-lab.md,32,https://www.nats.org/_Library/JOS_On_Point/JOS_078_5_2022_601.pdf,https://www.nats.org/_Library/JOS_On_Point/JOS_078_5_2022_601.pdf,www.nats.org,professional_or_educational_institution
16-advanced-ccm-worship-lab.md,33,https://www.nats.org/_Library/Science_Informed_Voice_Pedagogy_Resource/Day_by_Day_1_semester_Course_Plan_Multiple_Suggested_Resources_by_Topic.pdf,https://www.nats.org/_Library/Science_Informed_Voice_Pedagogy_Resource/Day_by_Day_1_semester_Course_Plan_Multiple_Suggested_Resources_by_Topic.pdf,www.nats.org,professional_or_educational_institution
16-advanced-ccm-worship-lab.md,34,https://www.nats.org/SYWTS_Gospel_-_Online_Resources.html,https://www.nats.org/SYWTS_Gospel_-_Online_Resources.html,www.nats.org,professional_or_educational_institution
16-advanced-ccm-worship-lab.md,35,https://pubmed.ncbi.nlm.nih.gov/17011424/,https://pubmed.ncbi.nlm.nih.gov/17011424/,pubmed.ncbi.nlm.nih.gov,official_or_government
16-advanced-ccm-worship-lab.md,36,https://www.researchgate.net/publication/365272083_The_Effect_of_Vocal_Hygiene_Education_Programs_on_Voice_Quality_in_Professional_Voice_Users_A_Systematic_Review,https://www.researchgate.net/publication/365272083_The_Effect_of_Vocal_Hygiene_Education_Programs_on_Voice_Quality_in_Professional_Voice_Users_A_Systematic_Review,www.researchgate.net,secondary_repository
16-advanced-ccm-worship-lab.md,37,https://pubmed.ncbi.nlm.nih.gov/38052688/,https://pubmed.ncbi.nlm.nih.gov/38052688/,pubmed.ncbi.nlm.nih.gov,official_or_government
16-advanced-ccm-worship-lab.md,38,https://pubmed.ncbi.nlm.nih.gov/41058356/,https://pubmed.ncbi.nlm.nih.gov/41058356/,pubmed.ncbi.nlm.nih.gov,official_or_government
16-advanced-ccm-worship-lab.md,39,https://www.frontiersin.org/journals/psychology/articles/10.3389/fpsyg.2014.00156/full,https://www.frontiersin.org/journals/psychology/articles/10.3389/fpsyg.2014.00156/full,www.frontiersin.org,peer_reviewed_or_publisher
16-advanced-ccm-worship-lab.md,40,https://online.berklee.edu/courses/voice-technique-101,https://online.berklee.edu/courses/voice-technique-101,online.berklee.edu,professional_or_educational_institution
17-portfolio-performance-mode.md,1,https://www.nats.org/_Library/NSA_Files/2025-26_NSA_Full_Regulations.pdf,https://www.nats.org/_Library/NSA_Files/2025-26_NSA_Full_Regulations.pdf,www.nats.org,professional_or_educational_institution
17-portfolio-performance-mode.md,2,https://www.nats.org/_Library/JOS_On_Point/JOS_077_5_2021_693.pdf,https://www.nats.org/_Library/JOS_On_Point/JOS_077_5_2021_693.pdf,www.nats.org,professional_or_educational_institution
17-portfolio-performance-mode.md,3,https://www.frontiersin.org/journals/psychology/articles/10.3389/fpsyg.2024.1467434/full,https://www.frontiersin.org/journals/psychology/articles/10.3389/fpsyg.2024.1467434/full,www.frontiersin.org,peer_reviewed_or_publisher
17-portfolio-performance-mode.md,4,https://journals.sagepub.com/doi/10.1177/0022429409333405,https://journals.sagepub.com/doi/10.1177/0022429409333405,journals.sagepub.com,peer_reviewed_or_publisher
17-portfolio-performance-mode.md,5,https://journals.sagepub.com/doi/10.1177/0255761420936443,https://journals.sagepub.com/doi/10.1177/0255761420936443,journals.sagepub.com,peer_reviewed_or_publisher
17-portfolio-performance-mode.md,6,https://pubmed.ncbi.nlm.nih.gov/9422277/,https://pubmed.ncbi.nlm.nih.gov/9422277/,pubmed.ncbi.nlm.nih.gov,official_or_government
17-portfolio-performance-mode.md,7,https://www.nats.org/_Library/JOS_On_Point/JOS-081-5-2025-533.pdf,https://www.nats.org/_Library/JOS_On_Point/JOS-081-5-2025-533.pdf,www.nats.org,professional_or_educational_institution
17-portfolio-performance-mode.md,8,https://www.nats.org/_Library/JOS_On_Point/JOS-075-5-2019-583_-_Incorporating_Motivation_Into_Your_Model_of_Motor_Learning_-_Maxfield.pdf,https://www.nats.org/_Library/JOS_On_Point/JOS-075-5-2019-583_-_Incorporating_Motivation_Into_Your_Model_of_Motor_Learning_-_Maxfield.pdf,www.nats.org,professional_or_educational_institution
17-portfolio-performance-mode.md,9,https://researchonline.jcu.edu.au/341/1/BJME_daniel.pdf,https://researchonline.jcu.edu.au/341/1/BJME_daniel.pdf,researchonline.jcu.edu.au,other_web_source
17-portfolio-performance-mode.md,10,https://ajet.org.au/index.php/AJET/article/download/6832/1784/23820,https://ajet.org.au/index.php/AJET/article/download/6832/1784/23820,ajet.org.au,other_web_source
17-portfolio-performance-mode.md,11,https://pubs.asha.org/doi/10.1044/persp1.SIG3.47,https://pubs.asha.org/doi/10.1044/persp1.SIG3.47,pubs.asha.org,professional_or_educational_institution
17-portfolio-performance-mode.md,12,https://pubs.asha.org/doi/10.1044/2018_AJSLP-17-0009,https://pubs.asha.org/doi/10.1044/2018_AJSLP-17-0009,pubs.asha.org,professional_or_educational_institution
17-portfolio-performance-mode.md,13,https://pubmed.ncbi.nlm.nih.gov/23583205/,https://pubmed.ncbi.nlm.nih.gov/23583205/,pubmed.ncbi.nlm.nih.gov,official_or_government
17-portfolio-performance-mode.md,14,https://musicinformatics.gatech.edu/wp-content_nondefault/uploads/2018/06/Gururani-et-al.-2018-Analysis-of-Objective-Descriptors-for-Music-Perfor.pdf,https://musicinformatics.gatech.edu/wp-content_nondefault/uploads/2018/06/Gururani-et-al.-2018-Analysis-of-Objective-Descriptors-for-Music-Perfor.pdf,musicinformatics.gatech.edu,professional_or_educational_institution
17-portfolio-performance-mode.md,15,https://www.asha.org/practice-portal/clinical-topics/voice-disorders/?srsltid=AfmBOorifevPtBUmdCa5RAHX0xKtOVsu8S0kwxg8cQFZVv_gG-_STMvv,https://www.asha.org/practice-portal/clinical-topics/voice-disorders/?srsltid=AfmBOorifevPtBUmdCa5RAHX0xKtOVsu8S0kwxg8cQFZVv_gG-_STMvv,www.asha.org,professional_or_educational_institution
17-portfolio-performance-mode.md,16,https://voicefoundation.org/health-science/voice-disorders/overview-of-diagnosis-treatment-prevention/,https://voicefoundation.org/health-science/voice-disorders/overview-of-diagnosis-treatment-prevention/,voicefoundation.org,professional_or_educational_institution
17-portfolio-performance-mode.md,17,https://web.uri.edu/wp-content/uploads/sites/1525/New-Voice-Rubric-Fillable.pdf,https://web.uri.edu/wp-content/uploads/sites/1525/New-Voice-Rubric-Fillable.pdf,web.uri.edu,professional_or_educational_institution
17-portfolio-performance-mode.md,18,https://www.plu.edu/music/wp-content/uploads/sites/465/2020/11/semester-and-assessment-jury-rubric-vocal.pdf,https://www.plu.edu/music/wp-content/uploads/sites/465/2020/11/semester-and-assessment-jury-rubric-vocal.pdf,www.plu.edu,professional_or_educational_institution
17-portfolio-performance-mode.md,19,https://steinhardt.nyu.edu/degree/mm-vocal-performance-classical-voice/curriculum,https://steinhardt.nyu.edu/degree/mm-vocal-performance-classical-voice/curriculum,steinhardt.nyu.edu,professional_or_educational_institution
17-portfolio-performance-mode.md,20,https://journals.sagepub.com/doi/10.2307/3345540,https://journals.sagepub.com/doi/10.2307/3345540,journals.sagepub.com,peer_reviewed_or_publisher
17-portfolio-performance-mode.md,21,https://pmc.ncbi.nlm.nih.gov/articles/PMC11496144/,https://pmc.ncbi.nlm.nih.gov/articles/PMC11496144/,pmc.ncbi.nlm.nih.gov,official_or_government
17-portfolio-performance-mode.md,22,https://pubmed.ncbi.nlm.nih.gov/29955816/,https://pubmed.ncbi.nlm.nih.gov/29955816/,pubmed.ncbi.nlm.nih.gov,official_or_government
17-portfolio-performance-mode.md,23,https://www.nidcd.nih.gov/health/taking-care-your-voice,https://www.nidcd.nih.gov/health/taking-care-your-voice,www.nidcd.nih.gov,official_or_government
17-portfolio-performance-mode.md,24,https://www.entnet.org/quality-practice/quality-products/clinical-practice-guidelines/hoarseness-dysphonia/,https://www.entnet.org/quality-practice/quality-products/clinical-practice-guidelines/hoarseness-dysphonia/,www.entnet.org,other_web_source
17-portfolio-performance-mode.md,25,https://www.nats.org/nsaresources.html,https://www.nats.org/nsaresources.html,www.nats.org,professional_or_educational_institution
17-portfolio-performance-mode.md,26,https://www.nats.org/_Library/JOS_On_Point/JOS_077_04_2021_485.pdf,https://www.nats.org/_Library/JOS_On_Point/JOS_077_04_2021_485.pdf,www.nats.org,professional_or_educational_institution
17-portfolio-performance-mode.md,27,https://journals.sagepub.com/doi/10.1177/1321103X251400571,https://journals.sagepub.com/doi/10.1177/1321103X251400571,journals.sagepub.com,peer_reviewed_or_publisher
17-portfolio-performance-mode.md,28,https://www.asha.org/form/cape-v/,https://www.asha.org/form/cape-v/,www.asha.org,professional_or_educational_institution
17-portfolio-performance-mode.md,29,https://research.monash.edu/en/publications/development-and-preliminary-validation-of-the-ease-a-tool-to-meas/,https://research.monash.edu/en/publications/development-and-preliminary-validation-of-the-ease-a-tool-to-meas/,research.monash.edu,professional_or_educational_institution
17-portfolio-performance-mode.md,30,https://www.jstage.jst.go.jp/article/transinf/E92.D/8/E92.D_8_1596/_article,https://www.jstage.jst.go.jp/article/transinf/E92.D/8/E92.D_8_1596/_article,www.jstage.jst.go.jp,other_web_source
17-portfolio-performance-mode.md,31,https://web.uri.edu/wp-content/uploads/sites/1525/Jazz-Rubric_v1a.pdf,https://web.uri.edu/wp-content/uploads/sites/1525/Jazz-Rubric_v1a.pdf,web.uri.edu,professional_or_educational_institution
18-vocal-load-safety-recovery.md,1,"Toward a Consensus Description of Vocal Effort, Vocal Load ...",https://pmc.ncbi.nlm.nih.gov/articles/PMC7210446/,pmc.ncbi.nlm.nih.gov,official_or_government
18-vocal-load-safety-recovery.md,2,Taking Care of Your Voice | NIDCD,https://www.nidcd.nih.gov/health/taking-care-your-voice,www.nidcd.nih.gov,official_or_government
18-vocal-load-safety-recovery.md,3,"What Is Hoarseness? — Causes, Diagnosis & Disorders | NIDCD",https://www.nidcd.nih.gov/health/hoarseness,www.nidcd.nih.gov,official_or_government
18-vocal-load-safety-recovery.md,4,Effectiveness of Semi-Occluded Vocal Tract Exercises ...,https://pubmed.ncbi.nlm.nih.gov/34284924/,pubmed.ncbi.nlm.nih.gov,official_or_government
18-vocal-load-safety-recovery.md,5,https://www.frontiersin.org/journals/psychology/articles/10.3389/fpsyg.2021.757052/full,https://www.frontiersin.org/journals/psychology/articles/10.3389/fpsyg.2021.757052/full,www.frontiersin.org,peer_reviewed_or_publisher
18-vocal-load-safety-recovery.md,6,Vocal fatigue and its relation to vocal hyperfunction †,https://pubmed.ncbi.nlm.nih.gov/20840041/,pubmed.ncbi.nlm.nih.gov,official_or_government
18-vocal-load-safety-recovery.md,7,Vocal Dose Measures: Quantifying Accumulated Vibration ...,https://pmc.ncbi.nlm.nih.gov/articles/PMC3158591/,pmc.ncbi.nlm.nih.gov,official_or_government
18-vocal-load-safety-recovery.md,8,Quantifying vocal fatigue recovery - PMC - NIH,https://pmc.ncbi.nlm.nih.gov/articles/PMC3311979/,pmc.ncbi.nlm.nih.gov,official_or_government
18-vocal-load-safety-recovery.md,9,https://pubmed.ncbi.nlm.nih.gov/35945099/,https://pubmed.ncbi.nlm.nih.gov/35945099/,pubmed.ncbi.nlm.nih.gov,official_or_government
18-vocal-load-safety-recovery.md,10,https://pubmed.ncbi.nlm.nih.gov/25795356/,https://pubmed.ncbi.nlm.nih.gov/25795356/,pubmed.ncbi.nlm.nih.gov,official_or_government
18-vocal-load-safety-recovery.md,11,https://pubmed.ncbi.nlm.nih.gov/14700383/,https://pubmed.ncbi.nlm.nih.gov/14700383/,pubmed.ncbi.nlm.nih.gov,official_or_government
18-vocal-load-safety-recovery.md,12,The Impact of Vocal Cool-down Exercises: A Subjective ...,https://pubmed.ncbi.nlm.nih.gov/26778328/,pubmed.ncbi.nlm.nih.gov,official_or_government
18-vocal-load-safety-recovery.md,13,The Effect of Hydration on Voice Quality in Adults,https://pubmed.ncbi.nlm.nih.gov/29122414/,pubmed.ncbi.nlm.nih.gov,official_or_government
18-vocal-load-safety-recovery.md,14,62 Possible Lessons on Recovering Your Voice,https://voicefoundation.org/health-science/voice-disorders/introduction/62-possible-lessons-on-recovering-your-voice/,voicefoundation.org,professional_or_educational_institution
18-vocal-load-safety-recovery.md,15,Vocal Fold Collision Speed in vivo: The Effect of Loudness,https://pubmed.ncbi.nlm.nih.gov/33004227/,pubmed.ncbi.nlm.nih.gov,official_or_government
18-vocal-load-safety-recovery.md,16,Correlates of the belt voice: a broader examination,https://pubmed.ncbi.nlm.nih.gov/20236798/,pubmed.ncbi.nlm.nih.gov,official_or_government
18-vocal-load-safety-recovery.md,17,Voice Disorders,https://www.asha.org/practice-portal/clinical-topics/voice-disorders/?srsltid=AfmBOopMRwJkHx727WQY2rQ2yM37JH8rA_6OW3511wqBAHR9_y26wns_,www.asha.org,professional_or_educational_institution
18-vocal-load-safety-recovery.md,18,Potential Biophysiological Mechanisms Underlying Vocal ...,https://pmc.ncbi.nlm.nih.gov/articles/PMC9943805/,pmc.ncbi.nlm.nih.gov,official_or_government
18-vocal-load-safety-recovery.md,19,Clinical Practice Guideline: Hoarseness (Dysphonia) (Update) - American Academy of Otolaryngology-Head and Neck Surgery (AAO-HNS),https://www.entnet.org/quality-practice/quality-products/clinical-practice-guidelines/hoarseness-dysphonia/,www.entnet.org,other_web_source
18-vocal-load-safety-recovery.md,20,Voice Rest - Vocal Conservation as a Management Strategy ...,https://iowaprotocols.medicine.uiowa.edu/protocols/voice-rest-vocal-conservation-management-strategy-non-operative-and-post-op,iowaprotocols.medicine.uiowa.edu,professional_or_educational_institution
18-vocal-load-safety-recovery.md,21,Measurement of vocal doses in speech - PubMed - NIH,https://pubmed.ncbi.nlm.nih.gov/14686546/,pubmed.ncbi.nlm.nih.gov,official_or_government
18-vocal-load-safety-recovery.md,22,a tool to measure perceived singing voice function,https://pubmed.ncbi.nlm.nih.gov/23583205/,pubmed.ncbi.nlm.nih.gov,official_or_government
18-vocal-load-safety-recovery.md,23,Measuring vocal function in professional music theater ...,https://pubmed.ncbi.nlm.nih.gov/25341878/,pubmed.ncbi.nlm.nih.gov,official_or_government
18-vocal-load-safety-recovery.md,24,A Randomized Controlled Trial of Two Semi-Occluded Vocal ...,https://pubmed.ncbi.nlm.nih.gov/25675335/,pubmed.ncbi.nlm.nih.gov,official_or_government
18-vocal-load-safety-recovery.md,25,Comparative Study of Two Semi-Occluded Vocal Tract ...,https://pubs.asha.org/doi/abs/10.1044/2024_JSLHR-22-00456,pubs.asha.org,professional_or_educational_institution
18-vocal-load-safety-recovery.md,26,https://pubmed.ncbi.nlm.nih.gov/23849684/,https://pubmed.ncbi.nlm.nih.gov/23849684/,pubmed.ncbi.nlm.nih.gov,official_or_government
18-vocal-load-safety-recovery.md,27,https://pubmed.ncbi.nlm.nih.gov/30631900/,https://pubmed.ncbi.nlm.nih.gov/30631900/,pubmed.ncbi.nlm.nih.gov,official_or_government
18-vocal-load-safety-recovery.md,28,Exercise Physiology: Perspective for Vocal Training,https://www.nats.org/_Library/JOS_On_Point/JOS-074-4-2018-419_-_Exercise_Physiology_-_Sandage-Hoch.pdf,www.nats.org,professional_or_educational_institution
18-vocal-load-safety-recovery.md,29,Managing Vocal Endurance Through Active Recovery,https://www.nats.org/_Library/JOS_On_Point/JOS-080-3-2024-321.pdf,www.nats.org,professional_or_educational_institution
19-app-learning-methodology.md,1,https://www.researchgate.net/publication/232505710_Information_Feedback_for_Skill_Acquisition_Instantaneous_Knowledge_of_Results_Degrades_Learning,https://www.researchgate.net/publication/232505710_Information_Feedback_for_Skill_Acquisition_Instantaneous_Knowledge_of_Results_Degrades_Learning,www.researchgate.net,secondary_repository
19-app-learning-methodology.md,2,https://www.researchgate.net/publication/355263800_Meta-analysis_of_reduced_relative_feedback_frequency_effect_on_motor_learning_and_performance,https://www.researchgate.net/publication/355263800_Meta-analysis_of_reduced_relative_feedback_frequency_effect_on_motor_learning_and_performance,www.researchgate.net,secondary_repository
19-app-learning-methodology.md,3,https://journals.sagepub.com/doi/10.1177/0305735615596375,https://journals.sagepub.com/doi/10.1177/0305735615596375,journals.sagepub.com,peer_reviewed_or_publisher
19-app-learning-methodology.md,4,https://www.researchgate.net/publication/11367902_Significance_of_Auditory_and_Kinesthetic_Feedback_to_Singers%27_Pitch_Control,https://www.researchgate.net/publication/11367902_Significance_of_Auditory_and_Kinesthetic_Feedback_to_Singers%27_Pitch_Control,www.researchgate.net,secondary_repository
19-app-learning-methodology.md,5,https://pubmed.ncbi.nlm.nih.gov/16719566/,https://pubmed.ncbi.nlm.nih.gov/16719566/,pubmed.ncbi.nlm.nih.gov,official_or_government
19-app-learning-methodology.md,6,https://www.nature.com/articles/s41598-024-65753-3,https://www.nature.com/articles/s41598-024-65753-3,www.nature.com,other_web_source
19-app-learning-methodology.md,7,https://research.birmingham.ac.uk/en/publications/self-determination-theory-applied-to-health-contexts-a-meta-analy,https://research.birmingham.ac.uk/en/publications/self-determination-theory-applied-to-health-contexts-a-meta-analy,research.birmingham.ac.uk,other_web_source
19-app-learning-methodology.md,8,https://pmc.ncbi.nlm.nih.gov/articles/PMC3311979/,https://pmc.ncbi.nlm.nih.gov/articles/PMC3311979/,pmc.ncbi.nlm.nih.gov,official_or_government
19-app-learning-methodology.md,9,https://pubmed.ncbi.nlm.nih.gov/26804784/,https://pubmed.ncbi.nlm.nih.gov/26804784/,pubmed.ncbi.nlm.nih.gov,official_or_government
19-app-learning-methodology.md,10,https://pubmed.ncbi.nlm.nih.gov/18663111/,https://pubmed.ncbi.nlm.nih.gov/18663111/,pubmed.ncbi.nlm.nih.gov,official_or_government
19-app-learning-methodology.md,11,https://www.jstage.jst.go.jp/article/jpts/31/8/31_jpts-2019-069/_article,https://www.jstage.jst.go.jp/article/jpts/31/8/31_jpts-2019-069/_article,www.jstage.jst.go.jp,other_web_source
19-app-learning-methodology.md,12,https://www.mdpi.com/2076-328X/15/9/1291,https://www.mdpi.com/2076-328X/15/9/1291,www.mdpi.com,peer_reviewed_or_publisher
19-app-learning-methodology.md,13,https://pubmed.ncbi.nlm.nih.gov/34843301/,https://pubmed.ncbi.nlm.nih.gov/34843301/,pubmed.ncbi.nlm.nih.gov,official_or_government
19-app-learning-methodology.md,14,https://www.mdpi.com/1660-4601/19/16/10109,https://www.mdpi.com/1660-4601/19/16/10109,www.mdpi.com,peer_reviewed_or_publisher
19-app-learning-methodology.md,15,https://journals.sagepub.com/doi/abs/10.3102/0034654316689306,https://journals.sagepub.com/doi/abs/10.3102/0034654316689306,journals.sagepub.com,peer_reviewed_or_publisher
19-app-learning-methodology.md,16,https://www.frontiersin.org/journals/psychology/articles/10.3389/fpsyg.2016.01251/full,https://www.frontiersin.org/journals/psychology/articles/10.3389/fpsyg.2016.01251/full,www.frontiersin.org,peer_reviewed_or_publisher
19-app-learning-methodology.md,17,https://pubmed.ncbi.nlm.nih.gov/37210322/,https://pubmed.ncbi.nlm.nih.gov/37210322/,pubmed.ncbi.nlm.nih.gov,official_or_government
19-app-learning-methodology.md,18,https://pubmed.ncbi.nlm.nih.gov/30712882/,https://pubmed.ncbi.nlm.nih.gov/30712882/,pubmed.ncbi.nlm.nih.gov,official_or_government
19-app-learning-methodology.md,19,https://www.frontiersin.org/journals/psychology/articles/10.3389/fpsyg.2025.1598867/full,https://www.frontiersin.org/journals/psychology/articles/10.3389/fpsyg.2025.1598867/full,www.frontiersin.org,peer_reviewed_or_publisher
19-app-learning-methodology.md,20,https://pubmed.ncbi.nlm.nih.gov/33476177/,https://pubmed.ncbi.nlm.nih.gov/33476177/,pubmed.ncbi.nlm.nih.gov,official_or_government
19-app-learning-methodology.md,21,https://pmc.ncbi.nlm.nih.gov/articles/PMC9178451/,https://pmc.ncbi.nlm.nih.gov/articles/PMC9178451/,pmc.ncbi.nlm.nih.gov,official_or_government
19-app-learning-methodology.md,22,https://eprints.whiterose.ac.uk/id/eprint/107191/2/1_s2.0_S2214782916300380_main.pdf,https://eprints.whiterose.ac.uk/id/eprint/107191/2/1_s2.0_S2214782916300380_main.pdf,eprints.whiterose.ac.uk,other_web_source
19-app-learning-methodology.md,23,https://www.nats.org/_Library/JOS_On_Point/JOS_077_5_2021_693.pdf,https://www.nats.org/_Library/JOS_On_Point/JOS_077_5_2021_693.pdf,www.nats.org,professional_or_educational_institution
19-app-learning-methodology.md,24,https://pubmed.ncbi.nlm.nih.gov/29494321/,https://pubmed.ncbi.nlm.nih.gov/29494321/,pubmed.ncbi.nlm.nih.gov,official_or_government
19-app-learning-methodology.md,25,https://www.researchgate.net/publication/239921722_Looking_at_singing_Does_real-time_visual_feedback_improve_the_way_we_learn_to_sing,https://www.researchgate.net/publication/239921722_Looking_at_singing_Does_real-time_visual_feedback_improve_the_way_we_learn_to_sing,www.researchgate.net,secondary_repository
19-app-learning-methodology.md,26,https://pubmed.ncbi.nlm.nih.gov/12120783/,https://pubmed.ncbi.nlm.nih.gov/12120783/,pubmed.ncbi.nlm.nih.gov,official_or_government
19-app-learning-methodology.md,27,https://ouci.dntb.gov.ua/en/works/9G8Emxx7/,https://ouci.dntb.gov.ua/en/works/9G8Emxx7/,ouci.dntb.gov.ua,other_web_source
19-app-learning-methodology.md,28,https://experts.boisestate.edu/en/publications/the-combination-of-reporting-bias-and-underpowered-study-designs-/,https://experts.boisestate.edu/en/publications/the-combination-of-reporting-bias-and-underpowered-study-designs-/,experts.boisestate.edu,professional_or_educational_institution
19-app-learning-methodology.md,29,https://open.lnu.se/index.php/metapsychology/article/view/2803,https://open.lnu.se/index.php/metapsychology/article/view/2803,open.lnu.se,other_web_source
19-app-learning-methodology.md,30,https://pubmed.ncbi.nlm.nih.gov/39480294/,https://pubmed.ncbi.nlm.nih.gov/39480294/,pubmed.ncbi.nlm.nih.gov,official_or_government
19-app-learning-methodology.md,31,https://pubmed.ncbi.nlm.nih.gov/2489826/,https://pubmed.ncbi.nlm.nih.gov/2489826/,pubmed.ncbi.nlm.nih.gov,official_or_government
19-app-learning-methodology.md,32,https://www.frontiersin.org/journals/psychology/articles/10.3389/fpsyg.2024.1377122/full,https://www.frontiersin.org/journals/psychology/articles/10.3389/fpsyg.2024.1377122/full,www.frontiersin.org,peer_reviewed_or_publisher
19-app-learning-methodology.md,33,https://www.nats.org/_Library/JOS_On_Point/JOS-074-2-2017-215_-_Best_Practices-Exercise_Physiology_-_Nix.pdf,https://www.nats.org/_Library/JOS_On_Point/JOS-074-2-2017-215_-_Best_Practices-Exercise_Physiology_-_Nix.pdf,www.nats.org,professional_or_educational_institution
19-app-learning-methodology.md,34,https://pubmed.ncbi.nlm.nih.gov/18343163/,https://pubmed.ncbi.nlm.nih.gov/18343163/,pubmed.ncbi.nlm.nih.gov,official_or_government
19-app-learning-methodology.md,35,https://pubmed.ncbi.nlm.nih.gov/11008824/,https://pubmed.ncbi.nlm.nih.gov/11008824/,pubmed.ncbi.nlm.nih.gov,official_or_government
19-app-learning-methodology.md,36,https://pubmed.ncbi.nlm.nih.gov/41678665/,https://pubmed.ncbi.nlm.nih.gov/41678665/,pubmed.ncbi.nlm.nih.gov,official_or_government
19-app-learning-methodology.md,37,https://bulletin.uga.edu/Course/Details/50714,https://bulletin.uga.edu/Course/Details/50714,bulletin.uga.edu,professional_or_educational_institution
19-app-learning-methodology.md,38,https://pmc.ncbi.nlm.nih.gov/articles/PMC9914943/,https://pmc.ncbi.nlm.nih.gov/articles/PMC9914943/,pmc.ncbi.nlm.nih.gov,official_or_government
19-app-learning-methodology.md,39,https://www.researchgate.net/publication/359441175_A_Systematic_Review_of_Adherence_Strategies_for_Adult_Populations_in_Speech-Language_Pathology_Treatment,https://www.researchgate.net/publication/359441175_A_Systematic_Review_of_Adherence_Strategies_for_Adult_Populations_in_Speech-Language_Pathology_Treatment,www.researchgate.net,secondary_repository
19-app-learning-methodology.md,40,https://pure.ewha.ac.kr/en/publications/a-meta-analysis-of-self-determination-theory-informed-interventio/,https://pure.ewha.ac.kr/en/publications/a-meta-analysis-of-self-determination-theory-informed-interventio/,pure.ewha.ac.kr,professional_or_educational_institution
19-app-learning-methodology.md,41,https://openresearch.surrey.ac.uk/esploro/outputs/journalArticle/How-are-habits-formed-Modelling-habit/99783513802346,https://openresearch.surrey.ac.uk/esploro/outputs/journalArticle/How-are-habits-formed-Modelling-habit/99783513802346,openresearch.surrey.ac.uk,other_web_source
19-app-learning-methodology.md,42,https://pubmed.ncbi.nlm.nih.gov/32078404/,https://pubmed.ncbi.nlm.nih.gov/32078404/,pubmed.ncbi.nlm.nih.gov,official_or_government
20-repertoire-asset-authoring.md,1,https://www.nats.org/_Library/JOS_On_Point/JOS-081-5-2025-533.pdf,https://www.nats.org/_Library/JOS_On_Point/JOS-081-5-2025-533.pdf,www.nats.org,professional_or_educational_institution
20-repertoire-asset-authoring.md,2,https://www.abrsm.org/sites/default/files/2025-01/SfMT%20Practical%20Grades%20Syllabus%20G1-8%202025%20%2820250130%29.pdf,https://www.abrsm.org/sites/default/files/2025-01/SfMT%20Practical%20Grades%20Syllabus%20G1-8%202025%20%2820250130%29.pdf,www.abrsm.org,professional_or_educational_institution
20-repertoire-asset-authoring.md,3,https://www.nats.org/_Quantifying_Repertoire_Tessituras.html,https://www.nats.org/_Quantifying_Repertoire_Tessituras.html,www.nats.org,professional_or_educational_institution
20-repertoire-asset-authoring.md,4,https://www.nats.org/_Library/JOS_On_Point/JOS-081-5-2025-511.pdf,https://www.nats.org/_Library/JOS_On_Point/JOS-081-5-2025-511.pdf,www.nats.org,professional_or_educational_institution
20-repertoire-asset-authoring.md,5,https://rcmusic-production-strapi-media.s3.ca-central-1.amazonaws.com/rcm_voice_syllabus_2025_edition_85447841d6.pdf,https://rcmusic-production-strapi-media.s3.ca-central-1.amazonaws.com/rcm_voice_syllabus_2025_edition_85447841d6.pdf,rcmusic-production-strapi-media.s3.ca-central-1.amazonaws.com,professional_or_educational_institution
20-repertoire-asset-authoring.md,6,https://www.copyright.gov/circs/circ56a.pdf,https://www.copyright.gov/circs/circ56a.pdf,www.copyright.gov,official_or_government
20-repertoire-asset-authoring.md,7,https://www.nats.org/_Library/JOS_On_Point/JOS_077_5_2021_693.pdf,https://www.nats.org/_Library/JOS_On_Point/JOS_077_5_2021_693.pdf,www.nats.org,professional_or_educational_institution
20-repertoire-asset-authoring.md,8,https://www.nats.org/_Library/JOS_On_Point/JOS_077_04_2021_485.pdf,https://www.nats.org/_Library/JOS_On_Point/JOS_077_04_2021_485.pdf,www.nats.org,professional_or_educational_institution
20-repertoire-asset-authoring.md,9,https://www.frontiersin.org/journals/psychology/articles/10.3389/fpsyg.2021.684693/full,https://www.frontiersin.org/journals/psychology/articles/10.3389/fpsyg.2021.684693/full,www.frontiersin.org,peer_reviewed_or_publisher
20-repertoire-asset-authoring.md,10,https://www.trinitycollege.com/resource?id=7901,https://www.trinitycollege.com/resource?id=7901,www.trinitycollege.com,professional_or_educational_institution
20-repertoire-asset-authoring.md,11,https://www.rcmusic.com/about-us/rcm-publishing/voice-series-2025-edition,https://www.rcmusic.com/about-us/rcm-publishing/voice-series-2025-edition,www.rcmusic.com,professional_or_educational_institution
20-repertoire-asset-authoring.md,12,https://online.berklee.edu/courses/music-theory-and-sight-singing-for-vocalists,https://online.berklee.edu/courses/music-theory-and-sight-singing-for-vocalists,online.berklee.edu,professional_or_educational_institution
20-repertoire-asset-authoring.md,13,https://online.berklee.edu/courses/voice-technique-101,https://online.berklee.edu/courses/voice-technique-101,online.berklee.edu,professional_or_educational_institution
20-repertoire-asset-authoring.md,14,https://steinhardt.nyu.edu/degree/bm-vocal-performance-contemporary-voice/curriculum,https://steinhardt.nyu.edu/degree/bm-vocal-performance-contemporary-voice/curriculum,steinhardt.nyu.edu,professional_or_educational_institution
20-repertoire-asset-authoring.md,15,https://nafme.org/wp-content/uploads/2023/09/Grade_2_GenMus_Performing_MCA.pdf,https://nafme.org/wp-content/uploads/2023/09/Grade_2_GenMus_Performing_MCA.pdf,nafme.org,other_web_source
20-repertoire-asset-authoring.md,16,https://www.frontiersin.org/journals/human-neuroscience/articles/10.3389/fnhum.2023.1304929/full,https://www.frontiersin.org/journals/human-neuroscience/articles/10.3389/fnhum.2023.1304929/full,www.frontiersin.org,peer_reviewed_or_publisher
20-repertoire-asset-authoring.md,17,https://www.frontiersin.org/journals/psychology/articles/10.3389/fpsyg.2024.1290596/full,https://www.frontiersin.org/journals/psychology/articles/10.3389/fpsyg.2024.1290596/full,www.frontiersin.org,peer_reviewed_or_publisher
20-repertoire-asset-authoring.md,18,https://www.frontiersin.org/journals/human-neuroscience/articles/10.3389/fnhum.2014.00598/full,https://www.frontiersin.org/journals/human-neuroscience/articles/10.3389/fnhum.2014.00598/full,www.frontiersin.org,peer_reviewed_or_publisher
20-repertoire-asset-authoring.md,19,https://www.cambridge.org/core/journals/british-journal-of-music-education/article/interest-and-choice-studentselected-repertoire-and-its-effect-on-practising-behaviour/0B9C564E2BF0075D2D70CCC5C7E9ABFF,https://www.cambridge.org/core/journals/british-journal-of-music-education/article/interest-and-choice-studentselected-repertoire-and-its-effect-on-practising-behaviour/0B9C564E2BF0075D2D70CCC5C7E9ABFF,www.cambridge.org,peer_reviewed_or_publisher
20-repertoire-asset-authoring.md,20,https://uknowledge.uky.edu/music_etds/104/,https://uknowledge.uky.edu/music_etds/104/,uknowledge.uky.edu,professional_or_educational_institution
20-repertoire-asset-authoring.md,21,https://pubs.aip.org/asa/jasa/article/158/4/3120/3368594/The-role-of-voiced-consonant-duration-in-sung,https://pubs.aip.org/asa/jasa/article/158/4/3120/3368594/The-role-of-voiced-consonant-duration-in-sung,pubs.aip.org,peer_reviewed_or_publisher
20-repertoire-asset-authoring.md,22,https://www.nidcd.nih.gov/health/taking-care-your-voice,https://www.nidcd.nih.gov/health/taking-care-your-voice,www.nidcd.nih.gov,official_or_government
20-repertoire-asset-authoring.md,23,https://www.nats.org/_Library/2023_24_NSA_Docs/New_NSA_C_Y_Resources.pdf,https://www.nats.org/_Library/2023_24_NSA_Docs/New_NSA_C_Y_Resources.pdf,www.nats.org,professional_or_educational_institution
20-repertoire-asset-authoring.md,24,https://www.copyright.gov/circs/circ33.pdf,https://www.copyright.gov/circs/circ33.pdf,www.copyright.gov,official_or_government
20-repertoire-asset-authoring.md,25,https://www.nidcd.nih.gov/health/hoarseness,https://www.nidcd.nih.gov/health/hoarseness,www.nidcd.nih.gov,official_or_government
20-repertoire-asset-authoring.md,26,https://www.copyright.gov/comp3/chap800/ch800-performing-arts.pdf,https://www.copyright.gov/comp3/chap800/ch800-performing-arts.pdf,www.copyright.gov,official_or_government
20-repertoire-asset-authoring.md,27,https://www.wipo.int/en/web/copyright,https://www.wipo.int/en/web/copyright,www.wipo.int,official_or_government
20-repertoire-asset-authoring.md,28,https://www.nats.org/_Library/JOS_On_Point/JOS-074-2-2017-215_-_Best_Practices-Exercise_Physiology_-_Nix.pdf,https://www.nats.org/_Library/JOS_On_Point/JOS-074-2-2017-215_-_Best_Practices-Exercise_Physiology_-_Nix.pdf,www.nats.org,professional_or_educational_institution
20-repertoire-asset-authoring.md,29,https://www.nats.org/_Library/JOS_On_Point/JOS-076-4-2020-449.PDF,https://www.nats.org/_Library/JOS_On_Point/JOS-076-4-2020-449.PDF,www.nats.org,professional_or_educational_institution
20-repertoire-asset-authoring.md,30,https://online.berklee.edu/courses/ear-training-1,https://online.berklee.edu/courses/ear-training-1,online.berklee.edu,professional_or_educational_institution
20-repertoire-asset-authoring.md,31,https://online.berklee.edu/courses/ear-training-2,https://online.berklee.edu/courses/ear-training-2,online.berklee.edu,professional_or_educational_institution
20-repertoire-asset-authoring.md,32,https://online.berklee.edu/courses/jazz-singing-201,https://online.berklee.edu/courses/jazz-singing-201,online.berklee.edu,professional_or_educational_institution
20-repertoire-asset-authoring.md,33,https://steinhardt.nyu.edu/degree/bm-vocal-performance-classical-voice/curriculum,https://steinhardt.nyu.edu/degree/bm-vocal-performance-classical-voice/curriculum,steinhardt.nyu.edu,professional_or_educational_institution
20-repertoire-asset-authoring.md,34,https://steinhardt.nyu.edu/degree/mm-vocal-performance-music-theatre/curriculum,https://steinhardt.nyu.edu/degree/mm-vocal-performance-music-theatre/curriculum,steinhardt.nyu.edu,professional_or_educational_institution
20-repertoire-asset-authoring.md,35,https://www.wipo.int/en/web/music,https://www.wipo.int/en/web/music,www.wipo.int,official_or_government
21-timbre-resonance-integrated-research.md,raw,,https://www.nats.org/Science-Informed_Pedagogy_Institute.html,www.nats.org,professional_or_educational_institution
21-timbre-resonance-integrated-research.md,raw,,https://college.berklee.edu/voice/bachelor-of-music-in-performance-voice,college.berklee.edu,professional_or_educational_institution
21-timbre-resonance-integrated-research.md,raw,,https://online.berklee.edu/courses/voice-technique-101,online.berklee.edu,professional_or_educational_institution
21-timbre-resonance-integrated-research.md,raw,,https://online.berklee.edu/store/product?product_id=17638105&usca_p=t,online.berklee.edu,professional_or_educational_institution
21-timbre-resonance-integrated-research.md,raw,,https://www.juilliard.edu/music/vocal-arts,www.juilliard.edu,professional_or_educational_institution
21-timbre-resonance-integrated-research.md,raw,,https://music.usc.edu/departments/vocal-arts-opera/,music.usc.edu,professional_or_educational_institution
21-timbre-resonance-integrated-research.md,raw,,https://www.msmnyc.edu/programs/vocal-arts/,www.msmnyc.edu,professional_or_educational_institution
21-timbre-resonance-integrated-research.md,raw,,https://www.rcm.ac.uk/vocal/,www.rcm.ac.uk,other_web_source
21-timbre-resonance-integrated-research.md,raw,,https://www.gsmd.ac.uk/study-with-guildhall/music/principal-study-and-departments/vocal-studies,www.gsmd.ac.uk,other_web_source
21-timbre-resonance-integrated-research.md,raw,,https://www.trinitylaban.ac.uk/music/vocal-studies/,www.trinitylaban.ac.uk,other_web_source
21-timbre-resonance-integrated-research.md,raw,,https://www.rcmusic.com/about-us/rcm-publishing/voice-series-2025-edition,www.rcmusic.com,professional_or_educational_institution
21-timbre-resonance-integrated-research.md,raw,,https://music.unt.edu/voice/handbook/vocal-pedagogy.html,music.unt.edu,professional_or_educational_institution
21-timbre-resonance-integrated-research.md,raw,,https://www.ccminstitute.com/,www.ccminstitute.com,other_web_source
21-timbre-resonance-integrated-research.md,raw,,https://estillvoice.com/level2/,estillvoice.com,professional_or_educational_institution
21-timbre-resonance-integrated-research.md,raw,,https://completevocalinstitute.com/complete-vocal-technique/,completevocalinstitute.com,professional_or_educational_institution
21-timbre-resonance-integrated-research.md,raw,,https://jeanielovetri.com/somatic-voicework-vocal-pedagogy-course/,jeanielovetri.com,other_web_source
21-timbre-resonance-integrated-research.md,raw,,https://www.riggsvocalstudio.com/speech-level-singing,www.riggsvocalstudio.com,other_web_source
21-timbre-resonance-integrated-research.md,raw,,https://pavavocology.org/,pavavocology.org,other_web_source
21-timbre-resonance-integrated-research.md,raw,,https://voicefoundation.org/,voicefoundation.org,professional_or_educational_institution
21-timbre-resonance-integrated-research.md,raw,,https://www.asha.org/practice-portal/clinical-topics/voice-disorders/,www.asha.org,professional_or_educational_institution
21-timbre-resonance-integrated-research.md,raw,,https://www.nidcd.nih.gov/health/taking-care-your-voice,www.nidcd.nih.gov,official_or_government
21-timbre-resonance-integrated-research.md,raw,,https://pubmed.ncbi.nlm.nih.gov/16671856/,pubmed.ncbi.nlm.nih.gov,official_or_government
21-timbre-resonance-integrated-research.md,raw,,https://pmc.ncbi.nlm.nih.gov/articles/PMC4610291/,pmc.ncbi.nlm.nih.gov,official_or_government
21-timbre-resonance-integrated-research.md,raw,,https://pubmed.ncbi.nlm.nih.gov/30779425/,pubmed.ncbi.nlm.nih.gov,official_or_government
21-timbre-resonance-integrated-research.md,raw,,https://pubmed.ncbi.nlm.nih.gov/12731627/,pubmed.ncbi.nlm.nih.gov,official_or_government
21-timbre-resonance-integrated-research.md,raw,,https://ncvs.org/tutorials/how-the-vocal-tract-filters-sound/,ncvs.org,other_web_source
21-timbre-resonance-integrated-research.md,raw,,https://pmc.ncbi.nlm.nih.gov/articles/PMC2757425/,pmc.ncbi.nlm.nih.gov,official_or_government
21-timbre-resonance-integrated-research.md,raw,,https://pubmed.ncbi.nlm.nih.gov/32305174/,pubmed.ncbi.nlm.nih.gov,official_or_government
21-timbre-resonance-integrated-research.md,raw,,https://www.nats.org/_Library/JOS_On_Point/JOS_077_5_2021_693.pdf,www.nats.org,professional_or_educational_institution
21-timbre-resonance-integrated-research.md,raw,,https://www.nature.com/articles/s41598-022-24262-x,www.nature.com,other_web_source
21-timbre-resonance-integrated-research.md,raw,,https://www.kais99.org/jkais/journal/Vol24No09/vol24no09p31.pdf,www.kais99.org,other_web_source
21-timbre-resonance-integrated-research.md,raw,,https://scholar.kyobobook.co.kr/article/detail/4010068580099,scholar.kyobobook.co.kr,other_web_source
21-timbre-resonance-integrated-research.md,raw,,https://ericasummer.hanyang.ac.kr/documents/10984638/168811307/HESS2025%2BSyllabus_K-Pop%2BVocal%2BTraining_2%2BCredit.pdf/ecbd8011-fcea-aae5-fa2e-0cc24a306326?download=true&t=1749027995586,ericasummer.hanyang.ac.kr,professional_or_educational_institution
21-timbre-resonance-integrated-research.md,raw,,https://pubmed.ncbi.nlm.nih.gov/28342677/,pubmed.ncbi.nlm.nih.gov,official_or_government
21-timbre-resonance-integrated-research.md,raw,,https://pubmed.ncbi.nlm.nih.gov/4833080/,pubmed.ncbi.nlm.nih.gov,official_or_government
21-timbre-resonance-integrated-research.md,raw,,https://www.jvoice.org/article/S0892-1997%2805%2980018-9/pdf,www.jvoice.org,other_web_source
21-timbre-resonance-integrated-research.md,raw,,https://bostonconservatory.berklee.edu/vocal-pedagogy/mm-vocal-pedagogy,bostonconservatory.berklee.edu,professional_or_educational_institution
21-timbre-resonance-integrated-research.md,raw,,https://necmusic.edu/the-college/departments/voice/,necmusic.edu,professional_or_educational_institution
21-timbre-resonance-integrated-research.md,raw,,https://www.newschool.edu/mannes/voice-opera/,www.newschool.edu,professional_or_educational_institution
